age,loan_amount,loan_tenure_months,number_of_loans,on_time_repayments_percentage,missed_payments_total,avg_monthly_electricity_units,avg_monthly_mobile_recharge,business_activity,loan_default_status
25,84421,36,5,99.14,2,310,247,Tailoring,0
52,72133,48,5,93.97,1,240,172,Food Stall,0
22,122304,60,5,88.52,7,293,292,Tailoring,0
23,104764,24,2,91.53,0,54,669,Tailoring,0
43,147075,24,4,63.42,10,103,340,Food Stall,0
61,131642,36,3,73.58,7,362,181,Food Stall,0
57,68054,60,6,96.27,2,256,643,Retail Shop,1
26,168041,12,7,60.64,6,302,169,Food Stall,0
25,90690,60,1,96.65,0,184,398,Food Stall,0
63,76768,48,4,99.46,3,64,597,Artisan,0
33,163231,60,5,72.1,8,132,704,Food Stall,0
24,47730,60,7,93.34,0,108,781,Food Stall,0
63,35729,24,5,90.94,7,206,608,Handicrafts,0
53,95462,12,3,79.16,2,184,700,Food Stall,0
34,86487,60,4,93.73,3,336,702,Farming,0
45,41841,48,7,92.29,3,79,535,Retail Shop,0
60,113417,60,4,98.05,2,380,339,Retail Shop,0
37,194559,24,2,90.18,4,62,491,Farming,0
44,55023,48,8,90.0,1,104,794,Handicrafts,0
53,144820,48,3,94.83,3,390,371,Tailoring,0
62,101742,60,8,84.95,6,359,451,Retail Shop,0
31,148628,36,2,70.44,9,162,255,Retail Shop,0
58,123021,12,5,98.27,1,317,318,Artisan,1
37,118188,24,7,95.04,0,288,519,Handicrafts,0
35,32558,12,8,83.81,10,241,609,Handicrafts,0
38,180729,36,3,98.66,0,129,437,Retail Shop,0
57,61616,36,7,77.77,4,176,253,Food Stall,0
60,62808,36,2,95.61,0,186,530,Farming,0
26,28400,24,5,91.28,9,341,253,Farming,0
56,106129,24,8,99.91,3,94,299,Artisan,0
36,176460,48,2,94.38,0,218,685,Farming,0
64,36702,60,8,99.39,1,302,281,Farming,0
63,70141,60,8,92.43,3,109,612,Handicrafts,0
51,66193,36,7,95.55,3,78,421,Retail Shop,0
53,195286,36,1,95.57,0,231,180,Artisan,0
38,101222,60,7,99.27,1,190,617,Artisan,0
58,119852,12,6,96.83,3,279,252,Artisan,1
29,54611,12,5,91.91,1,72,623,Retail Shop,0
36,141265,48,2,71.98,3,108,289,Farming,0
56,90123,12,2,97.31,2,342,447,Handicrafts,0
31,39934,36,7,98.25,0,136,475,Retail Shop,0
44,46519,24,2,93.16,0,304,373,Tailoring,0
47,146618,24,4,96.57,2,271,538,Retail Shop,0
44,176382,24,8,94.37,0,153,471,Farming,0
39,128236,36,2,92.56,0,209,231,Food Stall,0
24,157916,60,3,95.89,2,227,514,Tailoring,0
65,141799,48,2,90.9,9,349,734,Tailoring,0
36,149962,12,5,98.0,3,353,190,Food Stall,0
51,185520,36,2,87.89,10,323,165,Farming,1
28,46271,12,3,91.45,2,353,253,Tailoring,0
47,71240,36,3,91.85,3,135,780,Retail Shop,0
41,166526,12,2,92.85,0,151,727,Artisan,0
45,100889,24,8,94.84,1,304,780,Tailoring,0
57,168520,48,7,93.34,2,235,753,Retail Shop,0
57,144718,60,6,72.04,10,382,330,Food Stall,0
61,121016,24,3,94.85,1,142,432,Artisan,0
30,111930,36,3,96.2,0,273,223,Handicrafts,0
24,54153,12,1,87.35,6,361,616,Retail Shop,0
36,89143,12,7,82.37,7,175,223,Artisan,0
30,116250,24,1,90.79,2,266,721,Farming,0
43,159361,60,4,91.73,3,198,471,Handicrafts,0
61,122776,12,2,90.5,1,201,283,Food Stall,0
29,73532,60,2,97.41,3,216,751,Farming,0
55,83053,12,3,90.64,3,66,764,Handicrafts,0
42,129243,36,2,65.34,8,62,555,Artisan,0
40,125639,12,7,89.76,3,56,225,Farming,0
61,198055,60,3,97.43,3,347,418,Handicrafts,0
46,65430,36,5,92.41,2,201,323,Handicrafts,0
63,138711,12,2,98.58,3,394,336,Handicrafts,0
60,99844,48,3,66.5,8,158,261,Handicrafts,0
47,71222,24,7,85.27,8,393,733,Handicrafts,0
65,187778,36,2,90.93,0,325,244,Handicrafts,0
32,122017,24,4,98.4,3,95,790,Retail Shop,1
38,112247,48,1,94.34,0,173,303,Farming,0
42,126322,24,2,98.25,2,97,287,Retail Shop,0
50,113271,36,4,98.35,1,362,302,Tailoring,0
59,109403,12,1,93.27,0,352,762,Artisan,0
24,55251,60,7,95.31,2,68,654,Artisan,0
29,51305,24,1,92.35,3,209,263,Handicrafts,0
52,85733,24,8,94.73,2,393,390,Food Stall,0
60,156463,36,4,97.2,1,97,251,Handicrafts,0
26,191220,24,8,92.26,4,176,431,Tailoring,0
50,71538,60,5,97.49,3,121,500,Food Stall,0
49,105585,24,2,99.51,2,290,169,Artisan,0
33,93144,12,5,85.6,10,126,205,Artisan,0
34,96623,24,3,97.15,0,170,599,Handicrafts,0
39,117285,12,6,91.28,3,354,183,Farming,0
25,171618,48,6,95.71,2,242,267,Artisan,0
51,100669,12,7,92.07,2,264,540,Tailoring,0
41,105448,36,7,84.07,6,85,441,Tailoring,0
60,141895,36,8,90.01,0,198,542,Farming,0
63,175459,60,2,92.09,3,332,587,Handicrafts,0
40,51840,12,2,62.66,8,356,570,Handicrafts,0
37,62578,60,5,92.25,1,239,642,Handicrafts,0
26,100852,60,5,97.07,0,353,696,Artisan,0
46,154459,12,7,90.27,1,319,365,Retail Shop,0
64,145952,48,3,95.09,3,121,207,Farming,0
36,120042,60,5,93.9,1,192,436,Farming,0
62,128848,36,8,95.2,3,363,398,Retail Shop,0
35,62180,60,5,95.71,3,58,160,Retail Shop,0
30,178518,48,7,60.47,10,235,294,Artisan,0
38,90736,48,6,98.38,3,356,379,Handicrafts,0
32,96041,36,8,98.72,3,277,610,Tailoring,0
29,144387,48,2,98.91,2,359,367,Tailoring,0
41,126248,12,1,83.17,6,232,430,Retail Shop,0
47,139900,60,3,70.43,5,188,247,Handicrafts,1
46,32288,48,8,90.95,2,197,189,Retail Shop,0
57,112951,12,6,80.9,9,352,666,Food Stall,0
62,90434,12,5,97.18,2,133,645,Retail Shop,1
62,194760,48,6,81.34,8,96,429,Handicrafts,0
34,175513,24,2,98.88,2,92,647,Handicrafts,0
53,199601,12,7,70.59,4,328,651,Artisan,0
33,194099,36,5,94.96,0,71,642,Farming,0
49,111635,12,6,68.87,8,375,158,Tailoring,0
46,188332,48,7,95.75,2,238,513,Tailoring,0
33,119717,12,4,90.73,3,138,236,Tailoring,0
58,170831,12,2,94.55,1,57,543,Food Stall,0
57,72961,60,8,84.27,4,79,273,Retail Shop,0
48,75726,36,1,97.13,1,392,755,Retail Shop,0
30,138291,48,4,98.63,2,116,551,Food Stall,0
54,112443,60,4,97.54,1,64,666,Artisan,0
42,47623,36,5,98.82,2,376,491,Artisan,0
52,167772,60,1,72.24,4,283,307,Farming,0
57,35295,12,1,81.17,7,121,465,Artisan,0
38,106930,24,6,93.75,1,186,785,Artisan,0
37,81840,36,6,97.92,3,95,737,Farming,0
45,39293,24,8,95.77,1,399,229,Handicrafts,0
28,31088,60,7,98.14,1,339,198,Farming,0
35,177187,36,1,92.62,3,191,314,Farming,0
30,94242,60,3,93.17,10,353,361,Handicrafts,0
30,64146,24,4,97.9,0,129,466,Tailoring,0
51,138244,48,5,78.08,4,242,200,Food Stall,0
26,109370,48,1,99.92,0,195,615,Tailoring,0
28,117497,24,1,98.57,2,112,290,Food Stall,0
51,124145,24,5,84.03,6,268,354,Tailoring,0
49,179822,24,1,94.51,1,92,243,Food Stall,0
39,95657,36,4,75.49,5,190,675,Handicrafts,0
42,77171,60,4,91.32,2,172,779,Handicrafts,1
47,42257,24,1,95.29,0,149,378,Artisan,0
25,150749,36,1,74.67,8,106,751,Artisan,0
28,82857,36,7,94.97,3,118,214,Retail Shop,0
51,32598,12,7,87.53,4,74,621,Tailoring,0
33,64843,60,8,75.61,7,154,481,Tailoring,0
24,74174,48,1,92.77,0,164,541,Food Stall,0
51,74506,36,7,91.24,3,261,557,Farming,0
47,33297,24,2,63.01,4,115,496,Tailoring,0
44,101002,12,7,98.33,1,230,739,Farming,0
30,187434,36,3,90.74,1,400,254,Tailoring,0
56,125386,60,4,95.48,0,51,274,Retail Shop,0
35,44055,24,7,64.2,10,69,716,Retail Shop,0
45,47997,12,7,90.01,5,352,464,Tailoring,0
26,179014,60,5,92.87,3,228,281,Tailoring,0
45,151896,48,1,99.11,3,385,249,Tailoring,0
54,128513,48,8,92.61,2,150,327,Retail Shop,0
61,198406,12,6,98.96,0,317,630,Artisan,0
62,100835,36,2,98.86,2,330,424,Artisan,0
38,166436,36,3,64.88,2,65,299,Tailoring,0
40,113792,36,3,97.48,1,192,440,Food Stall,0
47,90188,24,3,94.78,3,121,388,Food Stall,0
41,179619,36,6,94.86,0,333,338,Handicrafts,0
42,124009,36,4,94.91,3,142,261,Retail Shop,0
41,193192,36,2,98.7,3,74,220,Tailoring,0
41,89057,12,8,94.07,0,51,250,Tailoring,0
50,40987,24,5,96.4,2,78,471,Farming,0
50,178010,12,3,99.51,0,395,326,Handicrafts,0
65,126134,12,2,93.34,2,231,591,Artisan,0
64,138382,12,1,92.98,0,371,557,Tailoring,0
27,101210,60,4,93.77,2,195,723,Handicrafts,0
56,138089,36,1,62.43,9,350,592,Farming,0
27,120857,60,6,60.14,9,350,573,Farming,1
50,165157,24,8,96.34,0,192,737,Retail Shop,0
29,76363,48,3,96.85,2,244,357,Retail Shop,0
60,190582,48,7,97.57,1,59,718,Artisan,0
35,109550,60,2,95.71,0,133,245,Retail Shop,0
41,113152,60,2,96.66,1,259,557,Food Stall,0
65,152025,60,7,95.34,1,160,796,Tailoring,0
43,47448,12,8,96.54,2,394,315,Farming,0
45,115290,36,4,98.76,3,122,789,Handicrafts,0
56,31442,36,8,99.99,3,249,750,Farming,0
49,96452,48,5,96.72,2,376,566,Tailoring,0
49,157161,60,4,99.16,2,361,304,Tailoring,0
50,102962,24,7,96.38,1,54,620,Tailoring,0
44,139408,48,5,92.28,2,100,592,Retail Shop,0
48,153097,12,5,98.49,0,252,304,Tailoring,0
39,194154,36,6,96.21,1,391,344,Food Stall,0
42,59812,48,1,93.78,2,355,641,Retail Shop,1
63,146191,36,2,95.32,2,213,488,Retail Shop,1
43,127642,12,4,90.8,0,114,581,Artisan,0
41,115985,48,7,94.81,8,50,531,Farming,0
64,136561,48,2,96.23,3,329,431,Retail Shop,0
51,32504,24,6,95.78,0,237,788,Handicrafts,0
55,134383,36,1,92.91,1,112,528,Retail Shop,0
28,108590,24,2,73.38,3,74,280,Handicrafts,0
54,110673,60,2,90.98,9,252,764,Retail Shop,0
46,164955,12,7,76.41,7,205,513,Food Stall,0
24,94337,36,7,93.72,0,86,476,Handicrafts,0
27,138001,36,2,92.24,4,296,790,Farming,0
25,152494,36,1,92.01,8,56,350,Retail Shop,0
35,89630,48,3,99.38,3,54,227,Handicrafts,0
44,152166,36,8,99.11,3,331,734,Farming,0
32,136982,48,4,83.94,8,91,612,Artisan,0
55,149196,36,2,96.31,3,74,210,Artisan,0
60,174875,48,8,99.17,3,50,573,Artisan,0
33,118882,48,8,95.93,0,55,279,Artisan,0
26,133045,48,2,94.04,1,230,642,Handicrafts,0
40,41579,12,4,62.2,9,56,373,Food Stall,0
27,113987,36,4,93.95,1,232,403,Handicrafts,0
45,98187,36,2,85.07,8,396,196,Tailoring,1
33,165921,12,5,62.49,5,311,577,Handicrafts,0
26,144745,60,4,85.41,10,338,478,Tailoring,0
55,146028,24,6,82.18,2,153,354,Farming,0
56,176139,36,7,97.72,2,116,326,Farming,0
56,46704,60,4,95.85,0,173,584,Handicrafts,0
23,141563,12,4,67.46,2,95,250,Retail Shop,0
63,133795,60,8,93.24,1,50,773,Farming,0
22,88488,24,3,99.54,0,299,462,Farming,0
24,187721,60,7,94.94,0,314,601,Retail Shop,0
36,90126,24,5,96.88,2,97,435,Tailoring,0
57,45535,12,5,85.67,9,62,329,Retail Shop,0
49,113628,48,2,80.39,3,230,738,Farming,1
61,188642,36,1,95.03,1,284,656,Farming,0
42,153012,24,7,94.7,0,75,654,Tailoring,0
53,146722,24,3,63.74,2,135,705,Retail Shop,0
54,82250,60,1,90.01,0,315,180,Tailoring,1
62,57810,36,1,90.98,3,241,179,Handicrafts,0
39,143995,24,2,93.38,1,138,460,Artisan,0
58,176407,24,8,92.46,1,387,674,Farming,0
34,185213,12,6,92.74,0,73,666,Food Stall,0
52,73285,24,8,90.6,2,158,663,Farming,0
35,156975,48,7,95.27,1,149,645,Farming,0
42,105803,12,2,93.89,3,261,394,Farming,0
35,129127,36,6,95.73,3,214,610,Tailoring,0
47,192228,60,8,65.68,5,265,488,Tailoring,0
33,95277,12,4,96.85,0,278,285,Handicrafts,1
51,94579,48,8,98.37,0,292,369,Artisan,0
45,174463,24,6,91.56,1,97,791,Tailoring,0
49,129368,36,3,92.13,6,200,787,Retail Shop,0
40,108129,48,1,61.09,3,382,312,Retail Shop,0
48,166515,12,7,98.4,0,298,527,Handicrafts,0
42,53487,48,8,92.22,0,332,483,Handicrafts,0
29,57181,12,8,90.43,3,350,265,Artisan,0
53,80280,24,4,95.56,3,305,608,Farming,0
54,26659,12,2,85.33,4,317,729,Retail Shop,0
59,157470,12,1,95.19,2,140,723,Food Stall,0
27,197360,24,3,98.04,3,66,576,Farming,0
27,151435,48,2,60.02,10,334,163,Retail Shop,0
27,113814,48,7,93.42,1,143,798,Artisan,0
39,92072,48,6,96.66,3,175,417,Tailoring,1
24,43689,48,3,98.36,2,218,664,Retail Shop,0
35,161783,36,3,94.98,3,325,476,Food Stall,1
39,119900,48,1,93.65,0,58,740,Retail Shop,0
60,81214,24,1,62.19,10,105,578,Retail Shop,0
64,100798,24,1,97.23,0,90,509,Handicrafts,0
36,50622,60,4,73.33,10,83,617,Farming,0
40,193449,24,1,82.72,7,299,561,Artisan,0
52,145036,60,1,60.93,4,90,444,Artisan,0
42,90157,60,2,93.27,1,281,719,Farming,0
32,146334,60,2,99.78,0,358,503,Farming,0
26,68388,24,6,97.04,1,321,320,Retail Shop,0
58,191673,24,3,91.16,3,328,553,Retail Shop,0
32,64736,12,1,78.66,9,179,699,Food Stall,0
51,177896,24,4,93.38,0,236,612,Food Stall,0
52,195920,48,1,98.75,0,57,727,Retail Shop,0
54,86211,48,4,78.94,7,198,546,Tailoring,0
53,92269,12,5,73.15,8,273,688,Food Stall,0
57,131075,24,2,95.77,0,333,698,Food Stall,0
61,44503,24,7,93.96,0,324,682,Handicrafts,0
62,183432,36,6,62.44,6,304,462,Artisan,0
32,146134,60,5,96.69,2,56,214,Tailoring,0
45,143073,36,3,93.84,0,109,382,Farming,0
65,93626,60,2,90.88,1,392,410,Handicrafts,0
48,106353,36,1,81.4,5,245,526,Retail Shop,0
43,61837,60,5,96.29,2,159,624,Farming,0
45,135899,48,6,91.89,0,266,414,Retail Shop,0
42,56671,60,1,83.57,7,300,191,Tailoring,0
56,100895,48,7,92.97,3,201,534,Handicrafts,0
39,70955,36,2,98.01,0,154,508,Artisan,0
33,170711,60,7,91.09,2,149,390,Food Stall,0
50,55890,12,2,73.39,2,368,453,Handicrafts,0
35,66123,60,1,96.17,1,196,155,Farming,0
52,125675,48,2,92.44,0,200,223,Artisan,0
29,133301,48,5,93.79,3,307,357,Retail Shop,0
41,43377,36,5,96.74,2,176,198,Farming,0
65,29905,48,6,76.82,10,366,212,Farming,0
26,118676,24,5,93.93,3,65,696,Handicrafts,0
43,103662,48,7,70.27,3,64,589,Farming,0
43,93243,36,8,93.36,0,50,248,Food Stall,0
38,96301,60,4,98.7,1,85,175,Artisan,1
43,146304,60,4,91.67,0,197,390,Handicrafts,0
43,164150,24,5,98.87,2,70,478,Farming,0
54,156016,24,7,90.42,0,287,509,Food Stall,0
61,51297,24,2,95.26,2,118,661,Tailoring,0
22,98510,36,1,82.48,10,368,698,Handicrafts,0
49,75885,24,8,91.59,6,201,683,Retail Shop,0
48,113583,24,5,91.32,3,363,662,Artisan,0
62,114071,60,7,66.93,5,316,772,Food Stall,0
38,78804,24,7,97.85,3,69,475,Artisan,0
45,81645,60,2,90.58,1,200,714,Handicrafts,0
52,86726,12,3,79.16,10,82,437,Artisan,0
58,185930,60,2,72.53,5,56,657,Handicrafts,0
37,104634,12,6,76.29,10,125,509,Tailoring,0
63,84861,12,7,81.27,2,289,632,Handicrafts,0
43,165420,48,5,78.82,10,80,190,Food Stall,0
34,191770,36,7,99.35,2,82,460,Artisan,0
56,194343,48,1,96.64,2,299,622,Artisan,0
37,198875,24,1,83.44,4,226,238,Food Stall,0
42,63931,36,6,73.28,8,138,644,Farming,0
28,41601,60,7,98.2,2,348,633,Tailoring,0
63,172846,36,8,95.58,1,72,351,Retail Shop,0
53,26175,12,1,61.64,6,334,726,Retail Shop,0
50,31293,60,5,91.61,1,271,210,Retail Shop,0
34,67925,60,2,99.49,3,399,781,Artisan,0
47,100658,48,3,95.42,0,273,308,Farming,0
23,33058,36,8,95.47,3,182,699,Food Stall,0
64,151514,24,5,76.24,8,137,620,Artisan,1
45,81380,60,6,91.17,8,135,362,Tailoring,0
40,41806,60,4,95.88,1,343,732,Farming,0
40,110929,24,6,97.13,0,142,186,Farming,0
51,50807,36,3,86.97,6,190,151,Farming,1
47,136119,12,5,90.48,3,155,292,Artisan,0
41,106312,12,2,96.02,1,311,735,Farming,0
39,198156,60,5,91.34,0,53,248,Farming,0
25,138234,36,3,95.0,2,285,277,Handicrafts,1
51,88580,48,6,92.02,0,59,622,Artisan,0
27,161347,60,7,92.36,3,358,177,Retail Shop,0
43,124904,24,2,93.38,3,376,718,Farming,0
56,26587,12,4,91.03,0,191,485,Retail Shop,0
34,37493,36,6,93.84,3,167,442,Tailoring,0
31,61043,48,3,92.37,3,285,501,Artisan,0
54,194626,36,7,98.74,2,381,183,Food Stall,0
38,156281,24,3,67.46,3,324,473,Artisan,0
50,190795,60,6,92.91,0,183,352,Handicrafts,0
55,161610,36,4,93.55,1,355,658,Tailoring,0
28,159129,36,5,96.11,3,304,499,Tailoring,0
55,38508,60,3,90.08,3,304,710,Tailoring,0
54,176098,24,5,91.04,1,221,559,Retail Shop,0
65,114710,36,2,93.41,3,252,498,Farming,0
23,186275,36,2,93.47,0,307,480,Farming,0
38,181417,24,2,95.47,0,145,320,Tailoring,0
53,179429,48,2,99.9,2,385,708,Tailoring,0
36,169850,24,3,95.27,1,201,772,Food Stall,0
45,114526,12,1,96.28,3,64,574,Farming,0
33,58006,48,7,97.67,1,382,213,Artisan,0
58,116674,24,7,66.37,3,148,318,Handicrafts,0
51,98311,24,1,93.39,3,349,633,Artisan,0
58,60358,48,3,98.07,2,202,309,Tailoring,0
65,92332,24,8,94.8,5,333,657,Artisan,0
31,77672,36,5,72.45,8,358,197,Handicrafts,1
48,125377,36,2,74.98,6,155,274,Artisan,0
45,72094,48,8,82.02,4,80,516,Food Stall,0
47,174171,60,2,79.61,5,156,210,Tailoring,0
42,126083,12,3,77.49,6,188,362,Farming,0
38,25561,48,1,95.66,2,144,422,Food Stall,0
52,28386,36,2,95.07,0,101,184,Food Stall,0
57,187612,36,1,91.18,1,89,262,Handicrafts,0
23,136994,12,2,76.6,7,363,505,Farming,0
32,63369,36,4,71.03,2,62,735,Handicrafts,0
28,148403,24,8,97.41,0,120,201,Retail Shop,1
63,162236,12,4,99.82,2,139,306,Food Stall,0
27,38844,24,5,92.01,2,383,456,Food Stall,0
25,117447,12,2,92.24,3,322,298,Tailoring,0
38,133643,36,3,87.28,10,277,748,Retail Shop,0
23,126213,12,8,76.58,7,350,290,Handicrafts,0
38,34937,12,8,96.07,2,304,453,Retail Shop,0
65,127118,12,3,90.8,2,171,563,Farming,0
30,117587,12,3,93.8,1,387,263,Food Stall,0
43,94858,60,1,95.13,1,90,342,Retail Shop,0
54,81488,48,7,99.86,3,137,291,Tailoring,0
29,62857,12,2,90.72,3,254,156,Farming,0
32,90130,12,3,91.37,2,326,799,Food Stall,0
22,83137,36,6,87.19,7,166,154,Food Stall,0
38,66361,36,5,90.9,3,119,590,Food Stall,0
35,38681,60,2,92.67,0,61,744,Handicrafts,0
35,56192,12,4,95.41,2,112,493,Handicrafts,0
31,47790,24,7,78.57,8,306,179,Retail Shop,1
36,159053,36,8,84.9,4,355,611,Tailoring,0
27,108443,48,6,90.74,1,300,500,Tailoring,0
52,62336,36,1,99.35,2,113,726,Artisan,0
33,180160,60,5,81.47,2,376,364,Artisan,0
40,49395,24,8,90.33,1,125,273,Food Stall,0
23,81205,36,6,88.54,3,329,194,Artisan,0
28,155271,36,2,92.34,1,365,745,Artisan,0
22,135162,12,8,96.03,3,322,164,Handicrafts,0
28,110129,36,5,93.48,9,309,259,Food Stall,0
45,155757,48,6,94.01,3,390,281,Farming,0
38,188882,12,3,97.55,3,231,697,Food Stall,0
32,172817,60,3,99.73,3,257,636,Farming,0
64,72324,48,5,70.84,8,391,367,Handicrafts,0
58,94853,36,3,92.97,0,122,250,Food Stall,0
59,111745,36,5,87.96,8,260,274,Retail Shop,0
47,147309,24,2,94.12,3,158,617,Food Stall,0
28,141855,12,3,95.41,0,220,401,Food Stall,0
42,83637,24,1,91.71,2,384,714,Retail Shop,0
60,161345,36,8,98.37,2,346,361,Retail Shop,0
39,25149,12,1,97.24,0,167,711,Food Stall,0
57,104664,48,3,86.1,4,358,524,Handicrafts,0
51,61266,12,3,96.6,1,370,380,Handicrafts,0
36,40009,24,6,70.63,10,200,621,Food Stall,0
55,193633,36,7,78.6,10,253,782,Artisan,0
36,113055,24,7,92.6,0,341,183,Retail Shop,0
63,81897,24,1,90.77,2,169,208,Food Stall,0
49,92278,60,7,90.87,2,383,583,Handicrafts,0
38,190262,60,4,97.31,0,78,260,Artisan,1
30,159883,48,3,92.28,0,215,202,Tailoring,0
64,115136,60,6,69.21,10,80,179,Artisan,1
27,107936,60,3,95.31,1,343,347,Handicrafts,0
51,71641,48,4,94.29,3,345,308,Farming,1
39,60643,24,3,88.48,6,268,409,Handicrafts,0
40,164039,60,1,97.32,0,384,408,Retail Shop,0
32,161379,48,2,92.42,3,241,652,Farming,0
53,29235,48,2,94.35,0,347,292,Artisan,0
36,113427,12,5,68.3,10,104,494,Farming,0
51,134209,12,6,91.19,3,222,478,Retail Shop,0
65,166179,60,8,97.31,0,293,168,Handicrafts,0
53,143722,36,4,65.72,6,229,324,Food Stall,0
64,28890,24,8,90.56,0,214,324,Retail Shop,0
65,86882,60,6,66.54,3,348,406,Food Stall,0
45,88543,48,2,88.46,9,145,615,Food Stall,0
63,54561,48,3,97.73,3,171,495,Food Stall,0
45,142681,24,7,62.01,7,130,310,Retail Shop,0
37,57537,12,1,65.02,7,284,519,Food Stall,0
22,46462,24,3,63.89,6,301,755,Food Stall,0
28,84165,48,1,92.38,0,219,617,Food Stall,0
32,125182,36,1,95.46,3,226,684,Retail Shop,0
54,27443,48,6,74.08,8,201,639,Artisan,0
47,67847,60,7,94.3,1,219,390,Artisan,0
36,27513,12,3,61.58,6,253,549,Food Stall,0
61,118535,60,8,92.28,3,189,627,Tailoring,0
39,139853,36,8,98.97,1,285,324,Tailoring,0
25,128971,60,3,97.99,0,223,246,Farming,0
44,115160,60,4,96.5,1,335,680,Food Stall,0
43,93689,60,3,92.02,0,185,296,Handicrafts,0
41,37078,36,1,78.6,3,338,433,Handicrafts,0
28,165520,12,1,90.58,3,182,585,Farming,0
36,34347,48,8,92.93,3,145,765,Farming,0
54,45950,36,3,61.11,7,323,652,Retail Shop,0
39,179625,24,7,94.73,1,91,732,Farming,0
48,41503,36,8,63.13,5,280,440,Handicrafts,0
24,187110,60,6,90.89,1,323,720,Retail Shop,0
52,199233,36,1,98.92,3,107,529,Artisan,0
31,56015,48,7,74.07,9,184,191,Farming,0
61,59889,48,7,94.84,3,181,604,Retail Shop,0
56,149578,12,7,91.84,0,292,601,Tailoring,0
33,97920,12,2,96.53,0,268,150,Tailoring,0
44,99988,48,5,64.91,6,119,266,Tailoring,0
34,58245,12,6,71.12,8,283,613,Artisan,0
27,167660,36,2,95.6,2,61,463,Retail Shop,0
37,79741,48,1,97.88,0,216,586,Food Stall,0
29,189913,60,3,99.45,2,78,680,Farming,0
41,167151,48,1,91.22,0,274,151,Tailoring,0
55,195189,24,3,97.14,2,304,722,Handicrafts,0
34,47710,60,8,94.09,1,206,713,Farming,0
45,89576,36,1,98.11,3,349,374,Food Stall,0
37,153938,12,3,90.53,0,162,474,Artisan,0
65,89180,36,2,97.94,1,380,242,Food Stall,0
63,182299,36,7,92.33,2,291,403,Handicrafts,0
47,164714,24,6,94.93,7,193,363,Handicrafts,0
27,192545,60,8,89.9,6,127,388,Retail Shop,0
40,179476,12,2,90.35,3,218,458,Handicrafts,0
58,180256,60,4,96.38,2,271,570,Artisan,0
23,105151,60,2,91.01,2,385,616,Farming,0
50,29502,60,3,94.57,2,144,151,Artisan,0
55,132998,48,4,99.38,0,220,197,Food Stall,0
52,34416,36,4,71.54,3,277,581,Farming,0
36,51874,48,8,95.13,0,337,403,Tailoring,0
26,135706,36,1,95.46,1,342,317,Food Stall,0
56,167906,12,5,95.81,2,67,678,Retail Shop,0
60,130446,36,8,99.75,0,322,287,Artisan,0
58,49252,12,6,94.6,1,275,786,Tailoring,0
52,189125,24,4,91.53,0,179,305,Food Stall,0
35,167879,24,6,98.43,3,83,561,Tailoring,0
34,167187,12,8,93.72,3,178,287,Artisan,0
32,63350,60,6,74.89,6,332,240,Food Stall,0
54,57109,48,1,93.98,2,120,332,Artisan,0
27,131532,24,5,91.09,0,263,771,Handicrafts,0
35,174604,24,3,82.73,3,103,497,Retail Shop,0
60,105649,60,7,76.14,2,147,516,Artisan,1
63,36569,36,3,78.77,5,95,196,Handicrafts,0
48,150267,60,4,93.35,0,102,165,Retail Shop,0
48,30878,24,2,98.7,1,242,598,Artisan,0
50,159126,24,8,95.8,1,123,637,Retail Shop,0
32,157763,24,4,96.62,0,108,529,Food Stall,0
33,102125,60,1,93.45,2,116,393,Tailoring,0
35,148279,36,6,95.65,3,161,620,Farming,0
36,71983,36,6,67.92,9,140,230,Retail Shop,0
63,52811,48,4,92.16,1,240,563,Handicrafts,0
40,44212,24,8,91.3,5,120,481,Handicrafts,0
38,155055,48,7,90.51,2,279,392,Artisan,0
53,170408,48,8,73.42,8,338,382,Food Stall,0
48,86726,12,7,93.37,1,57,240,Farming,0
45,105488,36,3,91.91,3,138,378,Tailoring,0
64,187214,48,5,96.51,2,334,672,Handicrafts,0
64,168042,12,5,83.99,5,362,790,Handicrafts,0
35,69934,12,4,93.58,7,322,252,Handicrafts,0
49,92785,36,4,89.63,2,149,211,Food Stall,0
63,168827,24,3,74.74,8,379,633,Handicrafts,0
57,27081,48,6,93.75,3,332,304,Tailoring,0
63,91750,24,6,90.16,3,203,627,Retail Shop,0
35,129046,60,1,97.48,2,150,296,Artisan,0
51,57371,12,8,92.17,0,329,267,Farming,0
58,95066,36,4,81.17,9,189,333,Food Stall,0
65,38241,48,6,97.95,2,287,534,Artisan,0
48,116402,12,7,91.52,2,254,594,Retail Shop,0
55,48020,12,1,91.25,2,370,175,Artisan,0
64,188717,36,2,93.86,5,144,647,Retail Shop,0
50,193594,36,8,79.33,10,239,733,Tailoring,0
46,167244,48,7,93.21,0,88,388,Food Stall,0
43,39571,24,1,91.43,1,347,796,Handicrafts,0
47,179985,60,2,90.37,3,150,566,Retail Shop,0
25,173168,36,1,99.77,2,360,630,Artisan,0
32,112732,24,1,65.2,8,232,709,Farming,0
43,36775,36,2,91.73,1,55,786,Farming,0
44,48182,60,1,91.23,2,308,535,Artisan,0
52,165057,60,3,95.03,0,167,211,Handicrafts,0
37,113196,36,5,74.13,9,239,252,Handicrafts,0
58,104423,12,2,98.0,0,346,434,Artisan,0
60,94951,24,3,73.59,4,298,556,Tailoring,0
36,93969,24,1,92.79,1,362,600,Food Stall,0
53,62446,60,7,84.9,8,266,771,Farming,0
49,173859,12,5,96.89,0,69,401,Handicrafts,0
52,109726,36,1,91.78,3,108,497,Handicrafts,0
54,102511,36,8,85.82,5,335,762,Food Stall,0
48,159638,48,6,99.95,1,91,298,Retail Shop,0
36,73528,36,6,91.18,2,319,526,Tailoring,0
42,138195,24,1,98.69,1,55,213,Handicrafts,0
64,146854,24,6,92.99,3,84,604,Tailoring,0
27,30777,36,2,92.37,1,340,583,Artisan,0
38,183928,24,3,94.35,7,51,620,Retail Shop,0
22,76803,48,6,94.27,1,101,611,Retail Shop,0
42,38714,60,3,68.73,9,190,461,Retail Shop,0
39,160578,24,6,66.85,10,107,242,Handicrafts,0
33,98335,24,3,95.16,3,295,351,Food Stall,0
47,90513,12,8,68.15,8,241,282,Retail Shop,0
62,33667,36,8,95.48,0,384,177,Tailoring,0
43,37207,36,5,90.71,0,80,365,Food Stall,0
36,134319,60,8,96.31,0,393,196,Tailoring,0
56,178928,60,2,99.11,1,346,609,Handicrafts,0
35,46747,12,1,87.91,10,151,239,Artisan,1
39,36784,12,4,90.4,2,57,274,Farming,0
29,31127,36,4,92.26,3,112,493,Retail Shop,0
33,47955,24,2,90.45,2,170,218,Retail Shop,0
35,62542,24,8,91.33,0,313,396,Farming,0
61,62088,36,6,95.63,0,217,601,Farming,0
25,121683,12,6,87.82,8,164,662,Artisan,0
44,37155,48,1,99.38,3,133,444,Retail Shop,0
59,111955,60,5,91.32,0,199,460,Retail Shop,0
41,127214,48,6,95.38,0,98,268,Retail Shop,0
55,122582,12,4,97.59,1,132,640,Artisan,0
38,140114,36,8,99.78,3,87,676,Handicrafts,0
24,40534,12,6,94.0,3,79,458,Artisan,0
39,102465,24,3,97.49,3,52,263,Food Stall,0
55,62570,36,5,63.47,6,139,536,Retail Shop,0
35,73349,48,1,82.98,9,183,288,Tailoring,0
25,87255,24,1,97.66,1,68,356,Handicrafts,0
25,136413,12,4,93.52,8,164,249,Food Stall,1
38,31951,24,6,60.73,7,283,308,Farming,0
28,27928,48,4,91.64,2,314,409,Artisan,0
37,159040,60,5,92.54,3,376,596,Tailoring,0
43,74039,36,5,64.03,3,324,185,Farming,0
56,80332,24,2,62.81,7,372,433,Retail Shop,0
44,167757,24,6,99.46,2,68,770,Artisan,0
48,76383,12,1,97.02,1,140,767,Farming,0
48,170489,12,6,91.86,0,319,156,Retail Shop,0
65,104789,12,7,98.09,2,329,680,Tailoring,0
62,41215,12,2,66.92,9,223,430,Handicrafts,0
47,175354,36,6,98.88,2,131,585,Tailoring,0
36,30594,24,4,92.69,3,86,335,Handicrafts,0
49,181523,48,4,76.38,2,242,496,Farming,0
31,176549,12,8,94.75,3,277,265,Artisan,0
42,102920,24,5,95.11,3,151,583,Handicrafts,0
39,98620,48,3,91.16,2,172,415,Farming,0
28,195631,24,8,84.07,10,203,773,Tailoring,1
53,134025,12,6,97.4,0,400,488,Farming,0
62,93130,48,6,96.98,0,351,605,Farming,0
60,72524,12,8,99.36,0,288,405,Food Stall,0
23,143675,36,4,92.16,2,319,207,Tailoring,0
22,45205,48,2,95.53,3,59,264,Farming,0
23,101577,36,6,89.5,8,249,693,Artisan,0
53,190430,24,1,91.69,0,232,371,Artisan,0
57,121311,12,3,91.63,0,289,562,Tailoring,0
32,48498,24,6,97.2,0,341,640,Retail Shop,0
36,165113,48,6,93.67,1,315,736,Handicrafts,0
22,168403,36,2,99.16,0,312,670,Farming,0
38,44420,24,7,92.4,9,62,563,Retail Shop,0
64,196524,48,5,95.92,0,226,759,Food Stall,0
31,193308,12,4,91.95,2,112,377,Artisan,0
30,27626,48,5,77.42,5,224,678,Farming,0
23,141498,12,2,98.95,1,165,306,Food Stall,0
65,171454,48,6,92.21,3,133,552,Farming,0
62,192033,36,4,90.11,2,301,181,Handicrafts,0
37,28798,36,6,92.88,2,215,559,Retail Shop,0
58,145194,48,1,62.97,10,320,236,Food Stall,0
65,68628,48,3,97.72,1,55,580,Tailoring,0
34,107925,12,5,89.24,6,132,459,Food Stall,0
30,52700,24,5,80.72,7,162,252,Farming,0
57,72978,36,1,93.1,3,337,399,Farming,0
27,148073,12,7,98.15,3,70,375,Artisan,0
59,66296,48,1,93.33,1,380,203,Tailoring,0
47,66942,12,6,99.91,2,56,767,Handicrafts,0
62,116751,36,7,85.87,6,91,593,Handicrafts,0
37,186416,60,5,76.15,8,257,346,Handicrafts,1
27,98506,12,7,96.4,1,125,191,Food Stall,0
28,67875,60,8,73.48,7,199,625,Retail Shop,0
65,124680,36,2,96.74,3,100,706,Food Stall,0
60,190814,48,6,93.74,2,211,612,Tailoring,0
60,115035,36,1,97.44,3,274,565,Retail Shop,0
41,139962,60,8,99.25,3,244,730,Handicrafts,0
44,196212,36,6,91.24,2,189,416,Food Stall,0
31,134754,36,6,75.22,6,66,381,Retail Shop,0
64,74141,12,2,96.18,2,77,293,Handicrafts,0
48,93886,36,3,99.86,2,350,514,Tailoring,0
38,186468,36,8,92.05,3,63,656,Handicrafts,0
56,91232,36,3,91.74,3,303,596,Handicrafts,0
58,172244,12,3,68.48,3,294,616,Artisan,0
40,98533,60,3,73.96,7,197,590,Food Stall,0
52,83718,36,2,95.11,1,182,588,Farming,0
24,176023,48,5,90.97,2,50,431,Retail Shop,0
47,34175,36,6,95.31,0,250,217,Retail Shop,0
54,51499,36,3,94.71,3,344,468,Tailoring,0
39,123821,36,5,77.38,9,334,796,Food Stall,0
55,141781,48,5,92.78,1,249,575,Retail Shop,0
48,138454,60,6,99.29,3,133,659,Tailoring,0
62,31438,12,2,90.64,3,196,476,Retail Shop,0
63,83789,36,6,93.32,3,326,786,Retail Shop,0
39,166828,24,5,99.5,1,215,461,Farming,0
36,45787,36,7,90.05,2,319,157,Artisan,0
23,165877,36,6,95.85,1,243,305,Retail Shop,0
34,168529,36,7,93.31,0,295,437,Retail Shop,0
22,94009,36,6,92.06,3,193,500,Food Stall,0
54,190840,60,5,94.63,5,197,324,Tailoring,0
57,156757,36,4,80.9,5,253,536,Handicrafts,0
54,84772,60,8,77.18,4,301,637,Food Stall,0
37,71731,60,1,96.91,1,393,178,Tailoring,0
49,189889,36,6,99.76,0,268,703,Artisan,0
40,73052,60,4,91.63,3,284,473,Tailoring,0
35,142803,60,8,96.4,2,81,795,Handicrafts,0
63,112400,48,1,91.55,0,80,288,Handicrafts,0
48,111461,36,5,79.89,3,283,575,Farming,0
56,128247,24,7,96.4,3,372,166,Farming,0
23,73438,36,1,64.0,7,255,484,Retail Shop,0
41,63500,24,5,94.7,1,309,603,Tailoring,0
35,27396,60,4,84.38,9,197,560,Handicrafts,0
36,41153,60,1,95.73,3,205,320,Farming,0
33,161494,36,4,97.99,1,147,292,Artisan,0
63,72692,60,1,97.85,3,128,273,Farming,0
34,111313,60,1,76.77,2,257,748,Artisan,0
41,65360,12,4,92.25,2,372,403,Tailoring,1
33,107616,24,7,84.69,9,170,183,Handicrafts,0
45,105179,24,8,89.37,7,68,435,Handicrafts,0
52,34295,12,3,94.87,3,197,454,Tailoring,0
32,103950,24,1,95.04,3,89,626,Food Stall,0
59,161074,12,1,64.01,3,65,583,Food Stall,0
24,42544,36,7,92.23,2,113,618,Tailoring,0
49,170061,60,7,66.68,2,292,702,Tailoring,1
63,143085,12,5,82.36,4,385,791,Food Stall,0
53,154456,36,1,94.18,0,374,579,Handicrafts,0
43,41947,60,3,94.23,2,283,336,Food Stall,0
28,49600,12,7,92.29,2,332,694,Artisan,0
30,31212,48,3,96.13,0,91,344,Handicrafts,0
37,90695,48,2,68.54,2,388,333,Artisan,0
39,88756,36,4,90.71,1,231,292,Retail Shop,0
38,167365,48,2,92.37,7,311,623,Farming,0
34,113473,24,8,91.87,3,194,309,Tailoring,0
58,56924,36,7,94.35,3,263,751,Tailoring,0
57,48179,48,6,93.38,4,135,487,Handicrafts,0
38,112224,24,4,98.24,1,73,538,Artisan,0
40,31769,12,2,91.5,1,306,707,Handicrafts,0
24,123865,60,6,93.11,1,382,154,Handicrafts,0
44,77318,36,2,79.08,8,353,480,Food Stall,0
55,99735,24,3,97.38,1,210,408,Handicrafts,0
24,195733,36,6,62.03,9,387,295,Tailoring,0
30,38896,24,5,65.62,10,67,540,Retail Shop,0
61,137177,60,8,72.39,10,55,465,Tailoring,0
47,28043,24,8,94.66,1,177,167,Artisan,0
53,130411,48,8,80.56,7,95,340,Handicrafts,0
46,111006,24,7,94.12,3,251,307,Food Stall,0
54,48116,36,5,99.62,0,389,652,Retail Shop,0
51,170948,36,6,96.06,0,69,515,Farming,0
49,111949,60,7,99.52,0,97,639,Artisan,0
24,141173,24,7,94.49,0,156,297,Food Stall,0
57,125387,12,7,61.59,7,333,645,Farming,0
46,168955,60,2,60.84,2,166,576,Retail Shop,0
33,126327,12,1,91.46,2,217,354,Artisan,0
41,185405,60,6,94.12,1,201,670,Farming,0
57,79340,24,6,69.06,3,107,578,Food Stall,0
30,157993,36,4,90.8,4,235,205,Handicrafts,0
59,157260,24,5,99.58,2,291,573,Tailoring,0
61,74705,12,3,94.42,3,229,313,Artisan,0
32,51530,48,5,89.21,6,94,211,Tailoring,0
49,123095,36,2,90.0,3,127,402,Food Stall,0
33,136726,60,8,76.24,9,172,188,Handicrafts,0
47,124260,60,2,92.1,1,157,610,Retail Shop,0
62,83407,12,6,97.99,1,107,411,Handicrafts,0
27,39019,60,7,97.62,2,101,369,Handicrafts,0
38,41888,60,3,90.47,0,174,568,Tailoring,0
38,178614,24,5,90.95,3,241,381,Farming,0
24,177332,24,3,65.0,6,95,325,Tailoring,0
24,148173,36,8,90.9,5,258,630,Handicrafts,0
62,53628,48,4,95.61,2,226,791,Tailoring,0
27,194970,36,1,79.48,3,395,603,Farming,0
52,159138,48,8,91.76,1,305,314,Tailoring,0
58,49360,48,5,91.74,2,390,551,Retail Shop,0
41,60623,24,6,76.89,8,267,197,Handicrafts,1
49,150050,48,7,60.54,8,206,626,Food Stall,0
58,169382,48,2,92.21,3,231,719,Handicrafts,0
38,28195,36,5,91.17,1,219,647,Food Stall,0
31,60851,12,5,98.62,3,302,180,Retail Shop,0
41,124423,60,6,87.79,5,313,179,Food Stall,0
23,155983,60,3,82.41,4,398,317,Handicrafts,1
27,48086,36,4,92.57,2,364,369,Artisan,0
24,35656,12,3,99.32,1,51,480,Tailoring,0
37,168339,48,6,95.0,0,235,653,Tailoring,0
58,103421,12,1,94.97,2,253,755,Food Stall,0
42,166216,48,6,93.89,3,200,560,Food Stall,0
42,131790,60,2,93.98,3,241,465,Artisan,0
57,180640,12,3,94.88,4,50,282,Artisan,0
56,184030,36,5,94.89,3,384,662,Handicrafts,0
44,62522,12,8,72.88,4,85,471,Tailoring,0
48,39311,12,1,92.32,3,345,734,Artisan,0
44,65157,48,8,90.21,1,329,294,Artisan,0
46,109727,24,1,68.3,5,285,539,Retail Shop,0
25,180644,24,2,93.89,0,169,510,Handicrafts,0
34,150895,24,7,64.08,8,197,438,Artisan,0
63,161755,48,1,90.95,2,291,326,Tailoring,0
48,170133,36,8,60.21,2,162,700,Farming,0
60,90637,60,8,79.95,9,344,284,Food Stall,0
43,77534,48,6,94.01,1,349,163,Handicrafts,0
54,158371,48,6,93.16,2,361,472,Retail Shop,0
28,124783,60,3,64.04,2,356,284,Food Stall,0
42,174811,60,4,75.25,10,314,348,Farming,0
31,75423,48,8,91.18,2,167,291,Handicrafts,0
51,134914,60,5,79.64,9,233,208,Retail Shop,0
50,122645,36,5,90.23,1,334,527,Retail Shop,0
53,184523,24,4,81.46,6,227,787,Tailoring,0
44,145154,36,4,94.79,0,187,328,Handicrafts,0
46,63472,36,2,94.77,0,256,734,Artisan,0
56,151394,36,6,92.69,0,99,638,Food Stall,0
29,77209,36,2,91.84,3,179,602,Tailoring,0
40,70510,36,8,90.66,2,144,684,Handicrafts,0
27,55208,12,7,93.3,2,85,745,Handicrafts,0
35,106926,12,3,91.96,0,288,173,Tailoring,0
30,173250,36,2,74.49,3,353,667,Tailoring,0
27,84871,24,5,73.96,3,236,300,Farming,0
29,127893,48,1,96.48,0,220,282,Farming,0
26,124808,48,8,99.18,0,120,327,Handicrafts,0
49,94799,60,1,98.44,1,324,800,Tailoring,0
49,31882,60,8,81.3,8,139,717,Farming,1
47,126885,48,3,69.09,9,144,187,Farming,0
43,198624,36,3,97.4,3,377,795,Farming,0
30,83049,12,2,93.28,2,221,327,Retail Shop,0
27,79379,12,5,94.53,2,280,689,Farming,0
36,75230,12,5,85.36,7,310,234,Farming,0
52,93012,24,1,96.1,2,333,767,Artisan,0
57,62327,24,7,97.46,1,243,735,Farming,0
46,120158,24,7,93.65,3,242,691,Retail Shop,0
47,70653,48,7,92.5,0,312,637,Handicrafts,0
44,47646,48,2,73.47,4,330,154,Retail Shop,0
59,164601,24,3,94.78,1,318,694,Farming,0
27,189024,36,3,96.69,2,56,172,Retail Shop,0
51,63654,12,6,69.17,9,269,295,Food Stall,0
23,83511,48,1,96.71,2,395,336,Retail Shop,0
36,163933,24,5,63.79,9,347,796,Food Stall,0
60,104656,24,3,94.04,1,162,385,Food Stall,0
33,85721,12,2,91.9,3,134,634,Retail Shop,0
45,167193,48,4,96.66,1,366,761,Food Stall,0
23,93864,24,6,95.33,3,179,208,Tailoring,0
57,87529,12,7,92.9,5,71,169,Retail Shop,0
38,79699,60,8,67.88,9,279,433,Tailoring,0
61,31854,24,6,92.88,0,236,389,Farming,0
60,32853,12,2,90.13,1,244,235,Handicrafts,0
53,175920,48,4,95.66,3,223,217,Artisan,0
49,148033,36,8,79.11,10,396,486,Food Stall,0
31,164575,36,1,64.03,4,136,668,Tailoring,0
36,90591,60,2,99.8,1,197,175,Artisan,0
56,134478,60,5,90.89,2,298,500,Artisan,0
43,63950,36,4,95.97,2,198,186,Tailoring,0
24,113620,24,2,97.23,1,173,236,Tailoring,0
41,152453,60,4,93.92,1,376,310,Artisan,0
22,71787,24,4,63.91,7,88,556,Artisan,0
45,192477,36,6,97.86,1,172,536,Artisan,0
30,71232,36,2,81.17,4,207,163,Farming,0
58,59542,24,1,94.37,3,104,644,Handicrafts,0
63,100372,36,7,91.58,0,137,484,Handicrafts,0
30,172074,48,2,95.9,2,131,571,Retail Shop,0
37,44541,24,6,70.85,6,337,595,Artisan,0
62,195651,12,8,90.62,0,374,686,Retail Shop,0
43,77621,48,2,94.29,0,318,600,Tailoring,0
53,62194,60,3,96.09,2,283,469,Food Stall,0
48,189701,36,7,98.62,1,218,327,Food Stall,0
63,26768,12,5,69.58,8,87,741,Farming,0
24,115991,24,1,95.49,0,336,672,Tailoring,0
40,61484,24,7,94.27,3,326,423,Tailoring,0
25,49043,12,6,91.98,3,366,248,Tailoring,0
23,116600,36,1,67.37,6,287,177,Artisan,0
44,117535,12,3,99.08,1,243,678,Artisan,0
40,111576,12,6,76.62,6,199,648,Food Stall,0
22,197718,24,7,90.94,1,354,440,Farming,0
54,88097,48,6,90.09,0,243,742,Artisan,0
65,143846,12,5,99.78,0,54,738,Farming,1
32,82301,48,7,70.54,9,312,173,Food Stall,0
25,160154,24,1,83.95,5,62,779,Tailoring,0
54,172308,24,5,61.46,10,272,513,Food Stall,0
29,164849,48,5,88.94,5,376,172,Tailoring,0
29,157785,36,5,99.74,2,296,725,Tailoring,0
29,156599,36,6,71.21,6,236,413,Food Stall,0
41,29238,24,3,90.61,7,362,708,Tailoring,0
56,151701,24,1,93.17,0,294,477,Handicrafts,0
57,154906,48,8,90.97,0,237,215,Tailoring,0
58,81351,60,6,67.97,6,299,355,Tailoring,0
54,172389,36,1,94.99,3,278,297,Retail Shop,0
55,118856,12,1,93.83,0,138,524,Retail Shop,0
58,58659,60,4,93.74,1,365,313,Food Stall,0
31,45113,36,7,98.22,2,357,723,Retail Shop,0
63,105216,12,5,89.12,6,336,349,Handicrafts,0
22,42095,60,3,96.05,2,136,657,Tailoring,0
26,70297,48,7,96.15,1,242,706,Retail Shop,0
33,72286,12,3,98.81,2,294,430,Retail Shop,0
47,25851,48,1,97.1,2,290,779,Farming,0
37,107452,48,1,84.91,3,193,445,Farming,0
40,42653,48,8,92.63,2,206,357,Farming,0
64,194757,60,8,98.05,0,140,763,Food Stall,0
45,174946,12,6,77.06,7,198,187,Retail Shop,0
63,77812,12,2,91.09,2,263,686,Retail Shop,0
60,87892,36,7,76.3,4,93,320,Farming,1
55,80431,24,6,83.86,4,175,419,Farming,0
28,167964,24,5,91.52,1,353,696,Food Stall,0
43,99033,24,1,90.2,3,97,517,Artisan,0
62,134535,60,3,90.2,3,96,673,Artisan,0
23,57384,48,7,91.49,0,300,729,Retail Shop,1
46,29487,48,7,93.65,3,238,650,Tailoring,0
58,52440,48,3,94.21,1,172,264,Tailoring,0
47,43411,48,2,99.14,3,103,642,Artisan,0
58,73768,48,5,97.48,2,56,780,Artisan,1
65,137696,48,3,73.49,3,374,170,Farming,0
51,84452,60,3,82.58,7,345,599,Tailoring,0
23,25918,48,7,91.64,2,100,650,Farming,0
48,186257,36,3,87.41,10,252,440,Food Stall,0
36,137510,12,3,73.9,6,178,745,Artisan,0
56,61327,36,4,99.89,2,174,737,Tailoring,0
52,176589,48,7,76.73,3,145,382,Tailoring,0
51,71699,48,5,96.41,1,126,190,Artisan,0
47,97624,48,1,93.97,0,64,773,Artisan,0
53,63092,48,3,95.2,0,240,457,Farming,0
27,158172,36,5,89.47,3,330,504,Handicrafts,0
64,34644,36,1,95.52,1,223,336,Farming,1
40,93055,36,8,95.63,1,165,754,Handicrafts,0
44,180882,12,5,97.41,0,201,260,Retail Shop,0
56,48500,12,4,91.42,1,136,727,Farming,0
35,119438,12,6,91.21,8,291,771,Farming,1
59,76821,24,3,99.63,1,232,373,Artisan,0
54,182097,48,5,98.03,2,241,560,Farming,0
44,190216,12,5,83.69,5,341,488,Tailoring,0
42,178748,48,2,95.62,1,359,721,Farming,0
22,94459,48,2,92.8,1,169,310,Farming,0
64,161395,60,8,98.67,2,392,347,Tailoring,0
59,160849,36,5,97.27,3,311,687,Tailoring,0
52,139627,48,2,61.01,6,256,675,Artisan,1
23,155101,36,7,95.64,1,377,796,Farming,0
23,117117,48,3,94.45,0,232,308,Handicrafts,0
23,55009,24,6,93.11,2,119,210,Handicrafts,0
65,163400,24,5,93.93,0,214,262,Tailoring,0
47,127328,36,1,83.43,10,163,299,Food Stall,0
23,175555,60,3,74.44,2,186,580,Handicrafts,0
52,89455,60,5,98.2,1,50,734,Farming,0
37,128115,60,8,92.32,1,104,180,Farming,0
45,143241,24,5,93.87,8,287,567,Food Stall,0
30,39063,48,7,96.18,3,344,602,Food Stall,0
37,128793,48,4,93.55,10,313,475,Handicrafts,0
45,71467,12,2,76.77,6,375,523,Artisan,0
23,131123,48,7,97.12,0,331,220,Handicrafts,0
65,122205,36,6,75.68,6,258,267,Retail Shop,0
51,180363,60,8,94.47,1,75,636,Handicrafts,0
58,28018,36,8,88.06,4,288,181,Food Stall,0
61,57168,60,5,98.66,1,297,791,Retail Shop,0
61,132632,36,7,94.12,1,270,625,Handicrafts,0
43,90897,24,1,64.17,7,235,421,Food Stall,0
50,185313,24,8,96.13,2,207,752,Food Stall,0
41,174889,48,1,99.14,0,246,519,Tailoring,0
63,105188,48,6,98.74,1,131,364,Retail Shop,0
54,78720,48,8,91.93,1,270,749,Food Stall,0
63,27910,36,4,99.45,0,168,315,Farming,0
56,148070,36,4,91.27,3,271,328,Farming,0
50,149030,12,6,93.32,1,230,452,Retail Shop,0
65,157032,60,7,81.3,8,250,384,Food Stall,0
48,146682,60,4,98.18,2,243,175,Farming,0
42,36506,24,1,74.71,7,301,626,Handicrafts,0
29,80127,60,4,78.79,8,144,163,Retail Shop,0
23,121390,36,6,98.61,3,264,313,Handicrafts,0
36,51800,60,3,90.38,0,122,226,Food Stall,0
40,115862,60,5,94.11,3,80,742,Artisan,0
65,63882,24,6,90.21,0,88,619,Tailoring,0
33,92033,24,6,90.06,0,271,619,Handicrafts,0
50,36269,36,6,99.04,2,339,258,Artisan,0
61,78705,24,7,78.31,6,94,651,Retail Shop,0
63,182933,48,7,89.52,8,289,577,Handicrafts,0
44,174260,24,4,87.4,6,284,618,Farming,0
26,194157,60,4,98.97,2,95,322,Food Stall,0
56,107726,48,4,93.9,1,86,646,Tailoring,0
36,81110,48,5,90.71,3,110,590,Handicrafts,0
62,173230,48,2,98.66,3,346,686,Tailoring,0
54,67113,24,1,79.68,9,305,645,Food Stall,0
42,190444,48,3,92.97,2,385,265,Handicrafts,0
56,114310,12,7,99.24,1,204,633,Tailoring,0
48,103409,48,7,97.22,2,191,568,Artisan,0
59,62467,48,1,99.96,0,217,358,Food Stall,0
57,154329,36,3,92.66,3,384,745,Handicrafts,0
26,96167,36,2,75.97,9,231,628,Handicrafts,0
54,39404,48,7,79.13,8,134,187,Farming,1
27,167239,48,1,91.22,2,330,413,Farming,0
58,142608,12,6,77.66,3,345,699,Handicrafts,0
44,45007,12,6,72.0,5,149,752,Retail Shop,0
44,36147,12,5,97.16,2,378,582,Tailoring,0
61,152856,12,6,96.85,3,120,150,Food Stall,0
31,188924,36,4,96.6,0,112,725,Artisan,0
55,135735,48,7,94.44,0,234,244,Food Stall,0
50,195250,36,3,93.52,0,213,430,Artisan,0
22,113112,24,8,69.29,9,204,293,Artisan,0
58,192078,60,7,93.27,1,354,499,Handicrafts,0
44,31976,36,2,90.46,0,332,594,Food Stall,0
56,66257,48,7,94.01,0,213,638,Food Stall,0
27,92415,24,4,68.12,8,332,298,Tailoring,0
35,170097,12,2,97.55,2,91,198,Retail Shop,0
58,57789,36,4,97.31,1,308,265,Handicrafts,0
44,169191,12,2,96.2,1,294,741,Tailoring,0
27,116960,12,4,62.66,7,109,454,Food Stall,0
42,181831,12,6,90.23,1,178,253,Tailoring,0
56,151758,48,5,82.28,8,171,755,Handicrafts,0
34,41179,60,1,93.65,2,391,186,Retail Shop,0
49,126351,60,8,99.12,1,184,568,Retail Shop,0
30,156755,36,4,98.77,0,177,372,Retail Shop,0
61,158917,48,6,90.11,2,216,379,Food Stall,0
46,97034,24,6,61.01,5,369,787,Food Stall,0
30,137779,48,4,89.21,5,360,446,Retail Shop,0
44,43013,60,4,98.54,1,212,262,Farming,0
27,187592,24,8,91.61,1,134,261,Handicrafts,0
28,66823,48,5,99.73,0,52,319,Handicrafts,0
56,89344,60,2,94.66,7,249,340,Artisan,0
65,178146,60,7,80.38,10,150,209,Retail Shop,0
33,115112,24,8,96.37,1,143,543,Food Stall,0
62,120479,48,3,98.51,0,223,293,Artisan,0
46,148114,60,6,68.95,6,154,505,Food Stall,0
53,159939,12,2,84.73,3,289,696,Retail Shop,0
36,32204,36,8,90.62,2,243,609,Tailoring,0
23,189236,60,8,61.2,3,389,417,Food Stall,0
30,33806,48,7,90.32,0,322,157,Farming,0
54,119695,12,3,91.57,1,329,424,Food Stall,0
41,96673,36,1,88.92,4,253,188,Artisan,0
57,166870,12,7,93.57,2,333,375,Artisan,0
56,93886,60,2,94.69,1,353,626,Farming,0
24,51724,48,3,98.43,1,390,728,Artisan,0
41,81160,60,7,97.61,2,367,366,Food Stall,0
57,141047,24,7,95.04,3,394,637,Artisan,0
60,166378,12,8,90.95,2,251,579,Food Stall,0
62,137193,36,3,98.85,1,365,343,Farming,0
42,65950,36,4,96.64,3,353,751,Tailoring,0
39,69490,48,4,93.07,0,141,688,Retail Shop,0
47,110097,24,1,94.96,1,134,787,Artisan,0
34,146603,24,5,90.78,3,369,634,Retail Shop,0
56,25014,12,1,92.52,0,280,652,Artisan,0
53,157652,60,3,92.1,3,154,624,Retail Shop,0
64,92098,60,3,79.79,9,83,705,Food Stall,1
39,180503,24,8,61.72,9,108,792,Retail Shop,0
22,31783,48,5,60.81,7,358,262,Food Stall,0
29,32187,12,4,99.18,1,171,394,Retail Shop,0
63,75005,24,3,97.89,2,304,281,Handicrafts,1
65,72009,12,4,99.61,2,367,181,Artisan,0
65,161705,36,8,78.96,7,73,176,Handicrafts,0
56,166810,12,4,99.35,0,132,329,Farming,0
22,73332,12,4,91.07,3,175,410,Handicrafts,0
64,44068,48,7,93.11,3,199,428,Tailoring,0
32,168796,24,3,91.91,1,375,642,Artisan,0
29,108946,36,4,92.98,1,365,648,Farming,0
27,104084,24,1,77.93,2,88,450,Farming,0
25,46651,24,8,95.6,0,116,417,Farming,0
36,49061,48,3,96.05,1,98,543,Tailoring,0
64,131465,12,6,88.17,4,114,515,Farming,0
60,140390,60,6,93.3,2,250,548,Food Stall,0
52,69564,36,1,85.76,9,75,723,Tailoring,0
50,61896,60,5,90.8,3,288,417,Handicrafts,0
30,193998,36,8,93.11,0,385,308,Food Stall,0
44,106990,36,8,62.21,2,343,344,Retail Shop,0
57,28321,60,8,90.2,0,340,153,Tailoring,0
49,69263,60,1,91.59,2,352,453,Handicrafts,0
40,143867,60,4,99.79,1,269,625,Retail Shop,0
55,116726,24,8,94.19,3,170,277,Handicrafts,0
61,157885,48,1,82.74,2,358,468,Retail Shop,0
59,55815,12,6,93.71,3,218,184,Food Stall,0
39,60073,36,1,97.32,2,204,636,Handicrafts,0
48,106058,60,5,86.22,8,326,563,Food Stall,0
29,71268,60,2,90.41,1,185,687,Handicrafts,0
52,28209,60,3,61.09,10,356,179,Food Stall,0
36,158580,24,8,70.7,2,397,577,Handicrafts,0
48,29316,24,1,61.22,10,253,702,Handicrafts,0
27,178180,12,2,61.12,7,207,675,Artisan,0
49,103891,48,2,65.75,5,165,298,Retail Shop,1
64,33169,24,5,97.89,0,242,674,Farming,0
52,118445,48,2,90.7,3,382,478,Tailoring,0
28,161509,12,5,95.46,2,218,613,Food Stall,0
42,169201,12,4,92.42,1,397,696,Retail Shop,0
49,199932,36,3,63.28,6,315,343,Tailoring,0
49,109779,60,1,89.3,9,241,758,Artisan,0
42,156223,60,2,81.53,9,186,767,Retail Shop,0
33,110511,36,8,93.88,3,309,199,Retail Shop,0
63,104158,48,8,90.38,1,298,772,Artisan,0
56,100053,36,1,90.96,1,159,696,Food Stall,0
63,155383,36,3,69.67,7,301,184,Handicrafts,1
26,25068,36,7,63.8,9,305,344,Food Stall,1
32,173788,48,3,90.79,10,303,378,Farming,0
60,47895,48,8,92.57,2,314,674,Handicrafts,0
31,31701,60,3,98.85,0,54,558,Farming,0
65,163910,60,2,97.13,2,371,384,Handicrafts,0
55,148820,24,5,95.78,1,275,779,Tailoring,0
55,181934,12,5,94.76,1,368,210,Food Stall,0
22,127300,48,5,97.97,1,353,761,Artisan,0
43,32433,60,7,90.17,1,152,475,Handicrafts,0
32,31654,12,4,95.98,2,83,749,Food Stall,0
44,155780,12,8,78.49,9,254,399,Food Stall,0
63,192795,48,1,71.05,7,375,560,Farming,0
51,73926,24,4,60.7,3,158,608,Food Stall,0
59,33824,36,6,98.24,0,252,430,Handicrafts,0
41,188291,36,5,88.72,9,70,298,Tailoring,0
22,129696,48,5,94.28,3,315,221,Artisan,0
53,37166,12,8,99.89,1,147,433,Tailoring,0
45,104394,12,6,90.16,5,391,458,Artisan,0
51,186605,24,2,90.08,3,315,181,Farming,0
25,66352,36,2,70.1,2,364,571,Tailoring,0
63,114497,24,8,93.8,3,235,341,Tailoring,0
22,77978,60,6,90.69,2,276,796,Retail Shop,0
49,167555,36,8,97.91,0,140,389,Handicrafts,0
50,91511,48,1,98.35,0,175,224,Artisan,0
22,93980,36,8,87.2,6,144,448,Food Stall,0
61,123078,48,6,93.64,0,364,546,Tailoring,0
63,62008,12,1,73.32,6,328,486,Retail Shop,1
64,93419,24,4,93.86,3,305,371,Artisan,1
42,153801,12,6,97.69,2,300,186,Tailoring,0
51,55287,60,3,74.39,8,60,221,Farming,0
33,131652,12,4,86.96,7,357,739,Farming,0
27,118421,60,3,97.32,0,326,649,Handicrafts,0
30,126171,48,4,94.76,1,87,210,Handicrafts,0
26,118098,36,1,92.95,2,303,206,Tailoring,0
61,198906,36,8,97.52,1,120,365,Farming,0
40,106129,24,4,60.72,6,98,543,Artisan,0
35,97825,24,2,71.13,7,271,430,Farming,0
25,58095,24,5,92.59,3,103,425,Tailoring,0
56,163535,24,8,85.35,6,96,581,Farming,0
55,185650,36,3,97.77,1,210,477,Tailoring,0
62,191221,24,5,88.78,4,253,786,Tailoring,1
46,66533,12,7,72.54,3,228,673,Food Stall,0
59,114271,60,1,85.46,5,157,580,Farming,0
34,134895,36,6,83.11,2,303,648,Retail Shop,0
60,98892,24,6,95.08,3,361,681,Artisan,0
30,95925,12,7,75.59,2,150,681,Retail Shop,0
53,177196,12,8,90.2,3,186,205,Farming,0
56,199151,36,8,97.25,1,201,242,Tailoring,0
57,153131,12,6,82.4,10,397,795,Farming,0
24,131002,36,1,99.62,2,240,400,Food Stall,0
47,84437,24,8,84.24,3,317,184,Food Stall,0
27,59061,12,6,91.97,3,125,699,Tailoring,0
61,141221,12,7,100.0,0,278,699,Farming,0
59,55658,24,7,94.37,0,98,691,Tailoring,0
37,34121,48,3,95.73,1,384,508,Farming,1
47,194683,36,3,91.21,1,54,758,Retail Shop,0
47,180554,60,2,82.53,5,382,714,Artisan,0
43,192154,36,2,98.48,3,192,494,Food Stall,0
28,121993,60,7,84.84,8,124,506,Farming,1
56,57611,60,5,93.27,3,300,634,Farming,0
25,31877,12,4,97.19,0,229,429,Retail Shop,0
50,77696,48,8,99.89,0,397,369,Retail Shop,0
42,133060,48,7,96.78,0,182,620,Retail Shop,0
33,191495,12,8,84.78,7,204,448,Tailoring,0
27,85791,12,7,96.61,0,287,389,Farming,0
38,126693,24,1,64.05,7,382,300,Tailoring,0
32,52622,24,6,97.38,2,181,560,Artisan,0
53,149768,12,4,91.58,2,322,455,Retail Shop,0
41,110658,60,5,82.13,8,180,483,Farming,0
23,73946,60,8,95.54,2,122,526,Farming,0
33,44106,12,3,95.41,1,110,681,Farming,0
61,121015,60,4,98.25,0,350,364,Retail Shop,0
34,191250,36,1,99.32,0,354,270,Farming,0
38,123130,48,7,72.62,4,246,687,Artisan,0
65,137031,48,8,98.66,3,139,472,Food Stall,0
35,52735,60,8,75.51,7,369,195,Retail Shop,0
59,199755,24,4,77.46,6,90,405,Farming,1
49,137656,12,4,96.33,0,92,655,Food Stall,0
38,171917,60,6,92.17,1,108,650,Artisan,0
47,129587,36,4,83.09,2,144,560,Tailoring,1
55,150450,36,3,93.36,2,142,677,Artisan,0
30,125860,24,4,98.59,0,264,765,Tailoring,0
59,60385,48,4,95.69,3,55,265,Artisan,0
44,125182,60,8,83.18,8,216,794,Retail Shop,0
58,137835,24,7,96.06,2,90,536,Artisan,0
50,197531,36,1,91.83,1,356,599,Food Stall,0
61,118910,36,6,94.4,3,305,760,Handicrafts,0
23,102869,24,3,94.05,2,260,525,Tailoring,0
37,186124,24,4,90.35,2,209,274,Artisan,1
38,127050,12,3,94.05,2,304,285,Handicrafts,0
29,82470,48,7,93.93,2,186,223,Handicrafts,0
31,92897,48,8,98.82,1,148,465,Tailoring,0
46,89162,60,1,97.7,2,297,291,Handicrafts,0
44,188831,60,4,92.88,1,300,416,Farming,0
40,192173,48,6,67.81,2,328,496,Tailoring,0
35,77742,36,8,96.9,1,230,155,Tailoring,0
53,53565,12,2,90.41,1,206,537,Farming,0
56,29665,60,6,93.35,3,294,641,Tailoring,0
56,75144,12,7,92.87,7,80,328,Retail Shop,0
31,137609,24,3,98.19,3,215,361,Food Stall,0
44,100430,36,8,90.26,2,376,627,Tailoring,0
30,129872,60,5,76.93,6,175,676,Farming,1
35,184787,60,3,92.24,0,193,744,Food Stall,0
62,89640,48,3,91.53,3,249,582,Artisan,1
43,175271,24,5,98.23,3,165,538,Food Stall,0
64,150443,48,6,69.21,6,204,604,Tailoring,0
44,25894,12,1,96.73,3,343,731,Artisan,0
30,43304,60,2,94.13,2,298,410,Tailoring,0
48,170444,60,2,95.15,2,285,269,Retail Shop,0
22,181657,36,2,98.69,0,134,278,Handicrafts,0
65,159191,24,3,94.53,3,215,223,Retail Shop,0
43,121782,12,8,83.3,6,398,726,Food Stall,0
34,30676,36,4,95.65,1,150,762,Handicrafts,0
27,154968,24,1,91.48,1,104,751,Handicrafts,0
54,129794,12,3,97.34,3,367,481,Retail Shop,1
44,181611,48,6,90.78,3,261,372,Farming,0
63,197087,48,4,73.7,6,345,601,Artisan,0
52,28092,12,2,97.93,0,128,519,Farming,0
23,117928,60,4,83.29,2,292,758,Artisan,0
24,55089,24,1,95.57,0,240,376,Artisan,0
32,33596,36,1,96.9,2,385,424,Farming,0
48,198528,60,6,90.04,2,146,217,Handicrafts,1
27,40275,60,3,67.4,2,364,295,Tailoring,0
55,142070,48,1,76.23,3,344,600,Handicrafts,0
53,85716,24,6,67.86,9,198,269,Food Stall,0
50,155583,48,3,69.22,3,115,588,Artisan,0
63,72467,60,1,98.91,0,209,532,Artisan,0
52,177128,24,2,93.03,3,329,700,Food Stall,0
43,125946,48,2,98.51,2,366,795,Food Stall,0
58,198216,12,8,96.9,2,83,799,Food Stall,0
34,162676,12,3,98.02,1,332,703,Farming,0
59,39513,60,5,65.29,4,161,240,Farming,0
29,190499,36,2,99.59,3,232,755,Retail Shop,0
62,182480,60,7,95.6,0,227,750,Retail Shop,0
28,45737,12,6,99.77,3,190,304,Retail Shop,0
27,175003,12,3,98.29,0,81,155,Handicrafts,0
57,188932,36,1,91.62,10,400,725,Handicrafts,0
53,185209,36,3,99.26,3,148,534,Food Stall,0
49,60824,12,8,91.79,2,385,745,Artisan,0
56,103091,60,4,93.22,2,307,460,Food Stall,0
56,189202,60,5,76.09,10,67,456,Food Stall,0
29,104986,36,5,98.29,3,249,727,Retail Shop,0
51,63361,12,5,92.78,1,231,705,Tailoring,0
34,179143,24,8,97.5,2,286,437,Artisan,0
35,107755,12,2,96.62,1,159,315,Artisan,0
50,176264,24,7,95.4,2,295,432,Handicrafts,0
42,123658,36,3,94.55,3,56,247,Farming,0
49,66515,24,5,64.45,4,130,677,Tailoring,0
39,93514,12,1,96.74,1,369,581,Tailoring,0
33,198295,12,8,98.38,1,179,637,Retail Shop,0
57,139287,24,7,98.21,1,76,659,Food Stall,0
41,79924,36,3,63.85,7,227,407,Food Stall,0
43,124774,60,3,97.19,1,382,288,Artisan,0
56,118474,48,1,65.22,6,355,537,Food Stall,0
28,150864,24,7,96.76,1,203,479,Retail Shop,0
45,45501,48,6,93.95,0,116,566,Farming,0
58,26051,12,1,96.63,3,195,468,Farming,0
49,173929,24,8,92.06,0,375,516,Farming,0
37,36940,60,5,72.59,4,308,518,Handicrafts,0
32,84095,24,8,72.36,6,78,751,Retail Shop,0
49,96836,36,7,85.89,2,365,440,Artisan,0
59,149379,36,2,98.29,2,150,563,Artisan,0
52,90116,12,4,91.71,1,61,607,Tailoring,0
64,161570,12,4,99.28,2,276,589,Tailoring,0
33,146213,48,4,98.39,0,273,627,Tailoring,0
45,155111,12,8,77.67,10,118,580,Tailoring,0
38,45340,36,1,98.57,0,156,401,Retail Shop,0
57,120842,36,7,85.94,8,141,515,Retail Shop,0
33,171205,48,2,96.64,2,62,561,Food Stall,0
36,66708,12,7,93.06,0,381,536,Tailoring,0
64,96378,12,2,94.4,3,148,343,Retail Shop,0
26,144724,24,6,90.02,0,204,454,Food Stall,0
33,195700,48,3,90.76,0,112,612,Artisan,0
53,119437,60,2,98.98,3,228,471,Food Stall,0
42,196777,24,1,94.67,1,295,502,Retail Shop,0
38,197377,24,4,98.66,0,119,781,Retail Shop,0
38,177521,60,1,97.33,0,343,337,Artisan,0
42,179509,60,3,97.28,2,398,375,Handicrafts,0
62,136284,48,5,78.68,9,363,694,Tailoring,0
46,126473,36,5,63.49,7,168,410,Handicrafts,0
40,78259,36,2,95.27,0,367,725,Handicrafts,0
29,45889,36,8,98.41,1,316,253,Handicrafts,0
34,46132,36,6,94.61,3,361,298,Artisan,0
47,121212,24,5,92.43,3,94,179,Retail Shop,0
48,179272,36,4,95.34,0,242,254,Tailoring,0
24,188447,24,5,66.83,3,229,544,Retail Shop,0
59,123915,24,3,60.88,10,267,365,Handicrafts,0
31,121179,48,8,94.4,3,137,496,Farming,0
37,109032,12,1,87.1,9,133,538,Artisan,0
65,115016,24,8,94.13,1,327,264,Tailoring,0
52,85815,36,2,93.73,2,195,754,Artisan,0
37,159611,48,7,93.83,2,64,610,Farming,0
45,112510,36,6,71.12,2,325,182,Food Stall,0
34,135682,24,7,93.74,3,366,202,Handicrafts,0
52,150395,48,5,96.55,3,179,619,Food Stall,0
41,75274,24,4,98.62,0,230,673,Retail Shop,0
46,49655,60,8,92.5,1,179,357,Handicrafts,0
57,153503,12,6,93.98,6,193,343,Tailoring,0
51,26004,24,4,92.12,3,289,465,Retail Shop,0
23,125494,48,8,92.39,0,237,479,Food Stall,0
48,91601,60,4,66.36,8,188,373,Tailoring,1
22,165344,60,3,92.45,1,211,729,Handicrafts,0
56,68288,12,3,91.87,3,238,665,Handicrafts,1
61,186198,12,6,93.54,3,236,772,Tailoring,0
22,117221,60,4,94.88,0,243,781,Handicrafts,0
47,89997,48,8,69.83,9,79,156,Food Stall,0
53,91696,24,2,93.75,3,135,615,Tailoring,0
29,105681,36,6,76.02,3,143,309,Tailoring,0
50,152010,48,2,91.33,0,275,751,Artisan,0
24,173222,24,6,95.69,2,50,691,Retail Shop,0
34,98633,12,3,90.57,1,307,177,Farming,0
30,166651,24,2,76.0,6,342,267,Farming,0
34,121593,24,2,95.36,1,179,580,Food Stall,0
46,101603,12,2,96.8,0,206,235,Tailoring,0
50,56974,24,5,96.39,1,380,488,Retail Shop,0
30,48987,60,8,97.31,3,341,773,Retail Shop,0
35,111570,48,6,97.45,1,389,202,Retail Shop,1
52,99842,36,4,92.82,2,329,253,Food Stall,0
58,183990,36,7,92.97,3,246,213,Retail Shop,0
34,55914,12,5,92.67,3,176,215,Tailoring,0
23,194900,24,7,95.74,1,397,294,Handicrafts,0
36,150174,24,1,96.75,2,96,703,Retail Shop,0
58,104341,36,6,69.4,4,323,792,Retail Shop,0
37,58409,36,4,94.87,2,214,511,Tailoring,0
44,170063,60,8,95.86,3,324,688,Tailoring,0
53,145021,36,2,99.73,1,220,280,Food Stall,0
52,177866,12,4,97.59,0,324,229,Retail Shop,0
41,186662,60,4,94.86,1,239,713,Handicrafts,0
60,80812,48,1,90.41,3,272,346,Artisan,0
34,116077,24,1,93.69,2,210,349,Retail Shop,0
58,92193,36,5,83.37,9,364,490,Tailoring,0
35,190099,60,7,96.77,3,350,424,Artisan,0
36,86369,12,1,98.65,1,268,741,Food Stall,0
39,181181,48,4,96.03,3,116,364,Food Stall,0
39,157780,36,3,95.12,3,390,719,Tailoring,0
33,123167,48,4,94.24,3,367,786,Farming,0
33,25371,36,3,99.69,3,109,605,Food Stall,0
51,114841,24,3,90.81,0,177,752,Retail Shop,0
26,179316,48,5,92.87,0,355,535,Tailoring,0
31,44598,12,7,99.49,3,222,562,Artisan,0
43,68624,24,6,78.91,5,209,281,Food Stall,0
23,140250,48,5,91.16,3,362,647,Farming,0
64,162301,48,5,97.53,3,325,701,Farming,0
25,197320,60,2,91.9,1,369,613,Tailoring,0
33,137474,60,1,94.56,1,193,407,Artisan,0
34,71590,36,4,90.75,2,383,220,Food Stall,0
58,70589,24,3,92.74,1,146,268,Retail Shop,0
36,118664,12,3,92.82,3,385,689,Handicrafts,0
47,143106,36,7,62.02,6,51,465,Tailoring,0
36,25624,12,1,93.4,1,299,458,Food Stall,0
34,162657,36,6,99.09,2,342,601,Handicrafts,0
52,156115,60,4,73.23,6,340,766,Retail Shop,1
22,105010,60,1,71.99,6,122,176,Tailoring,0
48,86539,24,7,91.04,3,206,494,Artisan,0
25,57943,24,3,76.18,2,62,248,Retail Shop,0
28,99718,48,2,98.98,1,73,165,Handicrafts,0
64,87937,36,1,91.62,0,342,366,Tailoring,0
22,83166,24,6,91.69,2,147,729,Farming,0
26,131963,60,7,97.43,2,220,331,Food Stall,0
37,108867,48,4,90.83,1,238,359,Tailoring,0
61,91620,60,6,87.2,9,257,649,Food Stall,0
62,89671,24,5,74.82,10,147,408,Retail Shop,0
22,53024,12,5,99.2,1,135,754,Food Stall,0
49,135844,36,5,96.94,3,162,724,Handicrafts,0
39,177350,48,4,90.43,2,247,219,Food Stall,0
26,60149,36,8,96.57,1,222,599,Tailoring,0
33,57536,12,4,97.79,1,147,467,Handicrafts,0
64,100235,24,6,92.51,3,170,252,Food Stall,0
63,72384,36,1,96.29,2,126,190,Retail Shop,0
60,67519,24,1,94.05,2,284,756,Handicrafts,0
29,80419,12,1,90.1,1,248,763,Retail Shop,0
59,67855,48,1,80.5,2,327,643,Artisan,0
55,111428,36,8,98.76,2,287,235,Artisan,0
56,84201,60,4,94.74,3,392,755,Handicrafts,0
52,66519,24,6,91.97,3,384,180,Handicrafts,0
56,43893,60,4,96.81,1,282,192,Handicrafts,0
55,185166,48,5,73.86,10,252,319,Retail Shop,0
42,155823,24,2,93.87,1,310,203,Artisan,0
27,122702,60,1,97.55,2,93,428,Handicrafts,0
54,31211,12,5,95.02,3,352,625,Tailoring,0
55,155535,36,4,70.3,4,215,231,Artisan,0
53,58401,24,3,96.75,1,256,329,Tailoring,0
43,151892,60,8,95.11,3,373,748,Handicrafts,0
60,125049,12,7,73.66,4,180,361,Handicrafts,0
33,129241,36,8,96.82,2,122,444,Artisan,0
55,40560,60,7,90.88,3,173,446,Handicrafts,0
54,172355,48,7,98.52,0,123,351,Artisan,0
60,149506,60,2,94.38,2,376,237,Retail Shop,0
61,57840,60,4,97.67,3,228,689,Tailoring,0
54,160335,12,5,97.75,0,248,545,Food Stall,0
46,182243,12,2,95.59,2,307,235,Tailoring,0
44,132286,60,6,70.85,5,253,440,Handicrafts,0
23,178974,36,7,65.16,9,330,343,Food Stall,0
42,51321,60,8,74.51,8,326,532,Retail Shop,0
33,120444,12,5,83.67,8,390,358,Food Stall,0
48,33063,36,6,96.74,2,284,661,Retail Shop,0
41,123145,12,4,92.61,1,304,465,Retail Shop,0
47,40981,24,4,97.45,3,297,754,Tailoring,0
42,90931,60,4,97.62,0,250,511,Farming,0
29,161262,36,1,89.07,2,198,473,Tailoring,0
45,187537,60,5,98.69,1,242,150,Handicrafts,0
61,153622,60,7,94.23,3,328,426,Handicrafts,0
59,63436,36,3,94.13,0,244,619,Handicrafts,0
23,55496,24,8,98.78,1,375,240,Food Stall,0
25,196048,36,3,93.76,1,202,583,Handicrafts,0
39,124413,60,6,91.34,7,318,384,Tailoring,0
47,125758,48,8,99.48,3,390,514,Farming,0
56,162070,36,7,97.64,1,361,418,Farming,0
29,132798,12,7,94.93,1,362,764,Food Stall,0
37,97797,24,2,90.99,0,337,346,Handicrafts,0
27,82046,12,8,85.95,3,148,462,Food Stall,0
35,35098,48,7,91.49,2,171,443,Handicrafts,0
54,41540,36,6,99.54,0,318,600,Tailoring,0
62,115751,24,1,64.04,9,62,609,Food Stall,0
62,134937,60,6,90.4,0,199,369,Artisan,0
56,104678,48,6,90.27,1,300,323,Retail Shop,0
30,130947,12,7,98.98,2,88,206,Tailoring,0
47,185911,48,8,98.91,0,400,768,Retail Shop,0
47,161486,36,3,98.06,2,97,380,Handicrafts,0
23,78101,60,3,82.37,5,304,440,Retail Shop,0
60,134333,60,1,63.69,9,371,483,Farming,0
58,180133,36,5,94.45,2,109,619,Tailoring,0
60,193201,48,4,92.24,2,314,357,Handicrafts,0
33,127387,60,6,97.42,1,223,190,Retail Shop,0
29,177658,24,5,98.29,0,50,548,Retail Shop,0
64,121796,48,6,99.96,2,349,294,Artisan,0
59,58846,24,4,97.6,2,92,404,Retail Shop,0
59,56904,24,3,72.8,5,119,502,Handicrafts,0
50,84763,60,2,95.15,0,350,222,Handicrafts,0
61,26514,48,6,92.09,2,170,444,Handicrafts,0
50,37519,48,1,91.25,2,137,688,Tailoring,1
32,87801,36,6,99.61,0,273,688,Tailoring,0
51,196394,24,2,97.32,3,387,463,Farming,0
41,142817,36,6,96.56,0,342,252,Tailoring,0
41,168186,60,4,68.81,5,137,762,Handicrafts,0
32,84479,12,8,95.48,1,201,493,Retail Shop,0
45,191525,60,6,95.45,1,377,699,Farming,0
59,131027,24,3,94.72,2,363,386,Food Stall,0
62,169004,24,2,98.79,1,234,205,Food Stall,0
45,28361,24,5,90.57,3,227,474,Tailoring,0
48,166060,60,4,79.24,5,138,354,Retail Shop,0
39,51721,36,2,71.2,4,355,708,Tailoring,1
29,191808,36,2,90.11,1,92,214,Artisan,1
57,151679,24,4,84.63,4,160,604,Retail Shop,0
43,121004,48,4,74.84,5,382,636,Artisan,0
41,157234,12,7,92.37,3,266,391,Artisan,0
44,46793,12,1,98.02,2,127,631,Handicrafts,0
63,172949,60,2,94.78,0,202,178,Handicrafts,1
32,70045,36,8,92.4,2,168,414,Artisan,0
30,87710,12,2,99.49,3,325,326,Retail Shop,0
43,198265,12,8,91.2,1,164,630,Artisan,0
65,64711,24,7,64.65,6,77,334,Tailoring,0
43,92359,48,6,98.39,3,165,304,Food Stall,0
62,73129,60,6,90.49,0,79,567,Farming,0
34,141287,36,4,97.93,1,182,220,Farming,1
25,178160,36,6,66.8,2,168,773,Farming,0
31,41266,48,5,93.3,3,309,425,Retail Shop,0
26,175900,24,8,95.92,1,120,636,Farming,0
54,33774,12,7,92.54,0,315,298,Handicrafts,0
32,121481,24,7,97.95,3,173,792,Handicrafts,1
42,189269,48,3,91.97,1,76,787,Tailoring,1
65,105925,48,3,91.5,0,207,293,Handicrafts,0
60,65060,24,4,94.16,2,131,216,Artisan,0
43,62869,12,3,95.12,1,226,298,Artisan,0
58,143673,48,5,92.26,0,357,324,Tailoring,0
55,122210,12,4,98.17,2,194,417,Food Stall,0
53,37438,12,4,96.98,1,200,562,Handicrafts,0
27,35791,48,4,94.34,3,173,416,Handicrafts,0
50,152861,60,4,92.33,1,254,158,Tailoring,0
47,84827,24,3,95.15,2,226,710,Handicrafts,0
54,180889,12,7,77.36,7,268,577,Farming,0
36,145265,24,1,67.86,10,149,554,Artisan,0
28,192807,60,5,92.56,1,54,187,Retail Shop,0
38,170262,36,3,96.17,2,244,477,Handicrafts,0
41,60788,48,2,93.65,1,277,353,Food Stall,0
64,77088,60,6,99.16,2,322,666,Farming,0
65,45311,48,1,96.29,1,87,309,Tailoring,0
35,136310,12,5,99.2,0,382,654,Handicrafts,0
53,143099,36,8,99.07,3,120,503,Food Stall,0
44,125836,36,1,92.15,3,187,255,Handicrafts,0
53,99954,60,6,92.17,1,138,367,Tailoring,0
54,84406,36,2,98.59,1,54,151,Retail Shop,0
30,90405,48,3,97.24,2,238,688,Artisan,0
65,114091,36,4,78.41,5,339,588,Food Stall,0
30,194624,36,8,98.53,0,59,791,Handicrafts,0
64,64006,48,8,90.16,9,333,212,Food Stall,0
43,112729,48,6,63.39,4,122,314,Farming,1
55,163888,60,3,97.28,3,168,551,Retail Shop,0
45,60244,60,7,92.98,2,140,642,Farming,0
55,45835,36,1,91.32,0,104,194,Tailoring,0
38,63133,60,1,61.68,8,294,595,Farming,0
38,80767,60,4,99.0,2,244,641,Retail Shop,0
52,131952,12,1,93.46,3,189,707,Food Stall,0
41,74584,24,3,97.04,2,311,772,Food Stall,0
65,83394,24,2,91.4,2,352,217,Farming,0
28,163217,36,1,61.31,10,242,509,Tailoring,0
59,159376,48,3,80.47,6,73,763,Food Stall,0
38,117818,36,5,94.33,2,211,537,Artisan,0
25,58911,12,7,97.44,3,51,260,Farming,0
61,37802,60,8,61.92,6,97,392,Artisan,0
45,104078,60,5,80.27,8,251,449,Farming,0
49,32828,24,7,99.81,2,93,481,Artisan,0
25,121413,24,8,93.69,0,307,501,Handicrafts,1
54,66405,60,8,97.56,3,369,475,Tailoring,0
54,53008,12,5,97.07,0,311,555,Farming,0
61,199309,36,7,89.1,4,339,445,Food Stall,0
34,86879,48,1,97.24,2,316,667,Farming,0
32,88342,12,5,92.78,0,57,298,Handicrafts,0
58,64614,36,5,94.97,1,316,700,Farming,0
44,44290,36,4,91.74,2,69,191,Retail Shop,0
60,47719,24,1,95.49,1,59,796,Artisan,0
42,155662,12,7,99.42,2,331,698,Farming,0
39,160067,60,3,99.34,1,150,471,Tailoring,0
32,60567,60,7,93.21,0,86,676,Retail Shop,0
62,39554,36,8,93.26,2,317,750,Food Stall,0
60,49626,48,6,99.19,3,170,172,Tailoring,0
64,195100,48,5,88.5,10,223,785,Tailoring,0
25,155957,48,3,95.29,2,307,552,Food Stall,0
50,50253,60,2,90.16,1,360,431,Retail Shop,0
40,100143,12,5,94.96,3,307,630,Farming,0
43,89454,48,7,94.45,3,344,747,Tailoring,0
44,114330,60,1,90.81,3,188,324,Farming,0
49,157756,60,7,98.58,0,69,172,Tailoring,0
49,186007,12,3,94.22,2,117,477,Handicrafts,0
51,127157,12,3,92.41,3,197,286,Tailoring,0
35,151854,60,4,99.21,1,262,597,Retail Shop,0
27,61015,36,2,91.35,0,329,558,Artisan,0
36,45837,24,3,77.99,4,165,576,Farming,0
51,173811,12,5,91.5,1,276,517,Artisan,0
59,197077,60,1,99.31,1,108,183,Tailoring,0
61,193734,24,3,99.7,2,74,580,Retail Shop,1
47,110961,60,8,79.84,6,394,323,Retail Shop,1
58,187511,12,7,92.76,2,192,774,Artisan,0
44,35097,12,4,76.73,4,286,462,Tailoring,0
42,106213,12,3,90.33,3,168,657,Retail Shop,0
39,162238,24,4,82.35,8,312,393,Artisan,0
32,35051,60,2,90.21,2,135,593,Artisan,0
56,198930,60,5,98.27,3,197,367,Tailoring,0
38,41020,12,6,98.35,0,59,598,Food Stall,0
61,135433,24,2,90.37,1,231,475,Farming,0
55,160233,24,7,90.73,3,96,159,Food Stall,0
55,75777,60,7,92.22,0,208,772,Handicrafts,0
52,177753,36,2,92.68,2,146,660,Food Stall,0
22,72211,12,8,84.66,7,338,696,Food Stall,0
55,86600,24,3,99.9,3,209,650,Artisan,0
45,69160,12,1,94.81,1,307,171,Farming,0
45,70741,60,3,73.84,2,347,201,Artisan,0
27,57492,24,1,98.13,3,327,205,Tailoring,0
28,129383,24,1,97.34,1,111,251,Farming,0
63,60639,24,6,98.01,3,339,298,Farming,0
58,127272,48,7,92.48,3,163,269,Food Stall,0
52,131814,48,1,99.89,0,193,556,Artisan,0
65,191601,36,6,90.47,2,322,262,Farming,0
65,126740,24,1,65.21,3,204,435,Artisan,0
63,187571,12,8,92.17,2,363,281,Artisan,0
61,36373,12,2,93.08,3,300,446,Handicrafts,0
24,118919,36,5,74.78,4,121,200,Artisan,0
37,52358,24,3,98.44,2,219,648,Tailoring,0
32,121801,48,5,99.67,2,346,245,Tailoring,0
41,87290,48,3,77.36,9,100,599,Artisan,0
48,127228,60,4,91.8,3,382,253,Tailoring,0
41,92970,60,4,95.23,0,148,201,Tailoring,0
42,134840,24,3,90.56,2,186,183,Retail Shop,0
53,109344,24,4,78.0,9,299,169,Artisan,0
24,144602,48,2,71.55,4,275,786,Handicrafts,0
29,178097,60,3,87.63,9,368,520,Food Stall,0
59,65389,24,8,98.95,0,226,772,Retail Shop,0
39,150369,36,7,90.8,3,166,622,Tailoring,0
31,87415,60,8,99.06,0,376,758,Farming,0
30,36213,60,8,98.31,3,251,273,Handicrafts,0
60,41499,48,4,93.5,3,220,462,Tailoring,0
22,68832,60,3,96.31,3,381,157,Retail Shop,0
26,169308,24,1,90.89,3,385,368,Retail Shop,0
28,194309,24,1,76.98,5,101,562,Farming,1
29,133454,36,1,90.37,0,168,331,Handicrafts,0
38,114653,48,1,95.16,2,185,695,Farming,0
37,166976,60,1,94.8,2,389,257,Retail Shop,0
39,97947,36,3,96.93,2,166,784,Retail Shop,0
61,37156,24,3,96.45,3,111,586,Tailoring,0
47,85040,24,8,96.72,2,64,656,Retail Shop,0
62,108147,60,1,97.09,1,274,231,Food Stall,0
43,40886,36,2,90.86,2,389,769,Tailoring,0
32,167896,48,3,93.54,5,206,224,Retail Shop,0
59,181557,12,1,86.16,4,316,785,Handicrafts,0
47,165551,48,8,99.53,2,365,242,Handicrafts,0
33,88804,24,7,94.98,2,386,370,Artisan,0
33,121448,12,8,91.98,0,342,367,Retail Shop,0
38,119168,24,7,94.27,2,391,607,Handicrafts,0
54,39922,48,5,97.85,3,144,688,Retail Shop,0
55,97934,24,4,99.36,1,384,259,Handicrafts,0
23,199681,24,7,94.44,1,375,318,Food Stall,0
27,184374,36,5,93.22,5,393,608,Tailoring,0
47,73389,12,4,88.49,9,217,759,Food Stall,0
55,99956,12,6,99.05,1,307,322,Retail Shop,0
62,119621,24,2,99.14,3,273,285,Tailoring,0
34,143008,24,1,94.59,10,384,244,Food Stall,0
61,37213,60,4,90.76,3,107,619,Retail Shop,0
35,42004,48,1,90.17,2,180,313,Retail Shop,0
27,158917,24,3,93.27,0,121,621,Food Stall,0
46,120861,60,2,99.34,2,290,332,Handicrafts,0
62,121874,48,6,90.15,2,210,435,Food Stall,0
44,35793,60,1,92.19,3,379,597,Handicrafts,0
45,45051,36,3,98.84,0,229,632,Tailoring,0
34,54505,36,2,79.41,5,275,368,Retail Shop,0
37,183699,12,2,82.9,3,70,231,Retail Shop,0
58,136238,24,3,93.84,0,176,179,Tailoring,0
61,58522,12,5,93.88,8,114,672,Tailoring,0
53,43490,60,8,95.13,2,189,516,Handicrafts,0
53,56994,60,6,94.08,3,193,259,Farming,0
58,159692,12,5,91.62,1,96,597,Handicrafts,0
40,48781,60,5,95.36,2,345,383,Tailoring,0
46,119397,60,3,76.12,5,295,252,Food Stall,0
35,186070,60,1,91.03,3,244,714,Handicrafts,0
54,113031,12,1,91.05,8,196,369,Food Stall,0
47,101093,12,7,94.65,1,131,800,Artisan,0
60,71373,24,6,96.29,3,180,392,Handicrafts,0
56,75882,48,7,90.77,2,390,654,Farming,0
37,119802,60,7,98.16,0,235,466,Food Stall,0
39,197402,48,7,98.8,2,198,262,Handicrafts,0
35,185497,12,8,91.27,2,86,207,Food Stall,0
32,186404,60,2,97.49,0,114,772,Retail Shop,0
31,84141,36,8,92.35,3,65,238,Retail Shop,0
33,30459,60,8,66.97,7,256,407,Tailoring,0
44,118861,60,2,95.55,0,205,655,Artisan,0
63,140522,48,7,85.68,9,193,536,Handicrafts,0
24,52019,48,6,90.36,3,277,370,Farming,1
30,57758,48,4,93.25,2,221,598,Food Stall,0
44,152294,24,2,94.13,2,180,605,Tailoring,0
40,71556,48,8,95.89,0,355,341,Food Stall,1
37,66431,48,2,93.13,3,72,451,Farming,0
27,65126,60,4,91.02,0,137,773,Artisan,0
54,84529,36,3,76.76,2,309,554,Tailoring,0
34,196496,48,2,93.86,0,55,206,Food Stall,0
58,165139,60,6,98.0,0,253,232,Farming,1
24,46500,60,3,71.53,10,334,286,Tailoring,0
48,70330,48,5,93.76,0,251,642,Artisan,0
29,42595,24,2,95.45,3,196,450,Retail Shop,0
64,100045,60,5,60.2,2,299,307,Food Stall,0
32,135101,60,7,64.9,2,260,609,Retail Shop,0
34,47927,48,1,99.24,1,71,322,Artisan,0
63,123236,60,8,90.33,3,96,442,Retail Shop,0
26,148198,60,3,92.56,3,221,497,Retail Shop,0
52,117874,60,4,66.4,5,219,793,Tailoring,0
56,79371,24,4,99.54,0,145,536,Handicrafts,0
46,124521,12,1,60.24,5,156,775,Retail Shop,0
33,147939,48,3,99.79,0,261,226,Artisan,1
34,40401,48,5,80.19,6,55,515,Artisan,0
54,138463,48,8,90.05,0,117,270,Handicrafts,0
39,98480,48,4,92.21,0,110,196,Food Stall,0
30,190594,60,5,93.55,3,162,220,Tailoring,0
41,79678,60,4,91.87,0,263,536,Artisan,0
41,141280,60,6,99.68,0,169,510,Tailoring,0
26,69382,48,4,94.45,2,266,656,Tailoring,0
54,45972,48,1,95.83,3,66,171,Handicrafts,0
50,129399,60,5,87.9,8,251,629,Tailoring,0
57,67110,24,5,88.91,5,84,381,Artisan,0
65,79634,12,8,97.58,1,345,499,Farming,0
46,38382,12,8,96.76,3,326,228,Handicrafts,0
48,97229,24,6,86.21,7,115,541,Handicrafts,0
62,98717,60,6,93.25,9,252,525,Food Stall,0
24,78484,60,1,84.71,9,135,150,Handicrafts,0
59,133980,36,7,61.41,8,372,570,Tailoring,0
62,187947,36,8,64.01,4,107,233,Food Stall,0
49,178254,48,6,95.1,0,86,349,Farming,0
48,93434,24,8,99.65,2,376,570,Tailoring,0
30,126078,24,8,65.0,8,182,598,Handicrafts,0
51,151506,48,1,94.35,3,122,588,Artisan,0
24,184357,36,7,92.54,2,114,491,Artisan,0
36,54579,48,3,95.35,0,262,218,Retail Shop,0
49,174419,36,5,65.7,2,103,451,Farming,0
23,84231,12,3,90.62,2,255,688,Retail Shop,0
50,159070,36,5,94.15,2,281,788,Food Stall,0
60,65226,24,4,98.38,2,253,364,Farming,0
31,166264,24,1,97.34,1,359,233,Artisan,0
60,192609,60,1,98.89,2,51,502,Artisan,0
34,60962,36,8,92.15,1,339,300,Artisan,0
28,72031,24,3,92.12,10,79,713,Farming,0
62,114341,36,2,72.6,10,200,425,Artisan,1
46,61520,12,6,94.19,1,116,301,Artisan,0
55,112577,24,5,97.69,0,185,715,Artisan,0
53,147162,24,4,90.93,3,274,352,Tailoring,0
38,65287,36,2,93.4,1,219,585,Food Stall,0
58,52526,48,8,93.78,0,64,790,Farming,0
41,98349,24,7,91.05,3,352,172,Artisan,0
45,113009,12,1,94.21,0,242,184,Artisan,0
32,47491,60,5,74.71,6,220,367,Retail Shop,0
39,98129,12,1,90.13,0,190,220,Artisan,0
27,56991,48,4,96.18,1,352,645,Tailoring,0
49,198656,48,3,91.43,2,334,228,Artisan,0
36,48698,60,4,97.35,0,54,513,Handicrafts,0
53,81967,36,4,90.09,2,169,443,Food Stall,0
43,121347,60,8,90.48,2,139,383,Farming,0
23,26852,24,2,94.64,3,89,574,Farming,0
51,92839,48,8,92.29,2,157,569,Food Stall,0
51,196790,48,4,97.56,1,68,296,Farming,0
35,158519,36,8,71.19,6,186,241,Food Stall,0
61,109150,60,5,93.57,9,228,305,Tailoring,0
49,36756,48,6,95.44,2,229,533,Farming,0
36,175633,60,3,93.8,2,250,504,Tailoring,0
26,158186,60,2,91.86,0,115,241,Retail Shop,0
36,192400,60,6,94.88,3,274,202,Artisan,0
40,30714,36,5,95.05,0,105,574,Retail Shop,0
26,159414,12,8,98.14,0,150,321,Food Stall,0
34,117844,60,6,96.88,3,378,388,Handicrafts,0
23,121909,24,8,64.36,4,86,579,Tailoring,0
46,185032,48,5,91.95,2,225,275,Food Stall,0
39,197042,12,4,98.28,3,169,593,Handicrafts,0
57,120384,24,1,62.21,4,331,510,Artisan,0
49,83867,60,4,98.08,2,369,797,Handicrafts,0
59,173509,48,4,91.95,3,79,270,Handicrafts,0
55,181680,24,7,90.06,5,156,365,Farming,0
42,139851,36,8,99.13,0,199,556,Artisan,0
24,73769,36,8,92.49,1,376,331,Retail Shop,0
31,175156,12,3,95.19,3,127,719,Artisan,0
24,25366,60,8,80.08,5,262,799,Handicrafts,0
31,154455,60,8,94.13,0,156,499,Farming,0
52,107935,48,4,90.97,3,101,693,Handicrafts,0
57,171329,12,7,96.63,1,253,508,Tailoring,0
43,87968,12,1,99.99,0,233,393,Tailoring,0
51,172950,24,5,91.66,3,293,618,Handicrafts,0
33,121296,12,3,96.59,1,115,611,Food Stall,0
59,38337,48,1,92.39,0,67,565,Tailoring,0
32,107919,24,4,90.17,2,380,282,Tailoring,0
64,59448,24,4,83.72,4,238,470,Handicrafts,0
24,175041,36,2,93.64,2,352,610,Tailoring,0
61,163667,48,1,93.94,2,159,704,Retail Shop,0
58,92845,60,2,61.95,3,289,461,Farming,0
60,42317,12,2,93.08,2,50,191,Tailoring,0
46,197127,60,7,78.38,8,98,151,Retail Shop,0
46,167043,36,6,90.48,1,69,662,Farming,1
34,181149,48,1,90.69,2,167,296,Tailoring,0
52,125830,48,4,91.69,0,332,313,Retail Shop,0
48,66715,60,2,95.8,0,206,511,Retail Shop,0
45,52334,36,7,98.41,3,114,312,Retail Shop,0
63,107908,36,2,93.62,1,256,581,Farming,0
61,145401,36,4,92.58,3,146,706,Artisan,0
47,174471,12,4,96.24,2,61,370,Food Stall,0
39,110517,60,3,98.68,0,103,534,Tailoring,0
47,116749,60,4,92.08,0,252,526,Retail Shop,0
35,85286,36,4,95.19,1,329,390,Handicrafts,0
32,113415,12,1,93.16,1,282,150,Retail Shop,0
29,99300,48,2,95.61,2,361,728,Handicrafts,0
25,50484,36,6,95.64,0,155,158,Farming,0
32,174440,12,1,90.46,3,304,715,Food Stall,0
53,113903,12,1,88.26,10,77,364,Retail Shop,0
60,66427,48,5,94.19,3,292,234,Farming,0
38,131516,24,2,95.24,1,166,515,Food Stall,0
41,68890,36,1,99.22,3,71,509,Artisan,0
38,129050,36,5,75.18,3,105,582,Artisan,0
58,139068,48,1,97.21,1,52,272,Artisan,0
55,155962,24,5,90.21,3,311,434,Farming,0
50,100064,60,3,93.5,3,246,289,Artisan,0
38,138223,60,5,67.18,8,357,687,Retail Shop,0
28,73435,60,8,99.29,2,306,375,Food Stall,0
57,137305,36,2,95.48,0,110,548,Farming,0
34,99282,60,1,93.38,1,372,725,Tailoring,0
36,160435,12,5,60.95,2,323,423,Retail Shop,0
51,103551,12,7,91.16,1,286,617,Retail Shop,0
61,85875,48,3,85.99,7,115,478,Tailoring,0
49,82637,12,2,88.04,4,95,740,Handicrafts,0
40,135469,60,8,94.41,0,88,274,Artisan,0
54,182434,48,6,97.68,1,170,523,Handicrafts,0
37,94545,36,3,67.45,8,252,315,Food Stall,0
53,183490,36,6,93.12,1,211,508,Food Stall,0
38,132830,36,3,93.02,2,400,169,Food Stall,0
38,159359,60,7,93.53,1,50,311,Handicrafts,0
40,36254,24,5,97.9,0,58,225,Food Stall,0
38,199006,60,4,82.66,9,134,498,Tailoring,0
57,175252,48,7,93.38,1,291,154,Artisan,0
31,73373,12,4,90.9,3,284,295,Retail Shop,0
24,113139,12,3,93.74,3,87,225,Artisan,0
31,169682,48,4,91.92,1,384,754,Tailoring,0
35,185724,12,4,97.23,1,272,154,Handicrafts,1
38,165631,48,4,93.15,0,368,265,Farming,0
56,77610,60,7,98.72,0,180,591,Farming,1
40,150610,48,3,72.15,4,311,195,Tailoring,0
37,138232,36,4,71.34,8,234,799,Food Stall,0
55,113549,12,1,62.55,2,306,217,Food Stall,1
57,108956,36,4,95.5,2,280,740,Tailoring,0
40,40006,36,4,97.1,1,90,696,Food Stall,0
58,166652,36,7,64.5,3,295,525,Artisan,0
44,138443,36,7,97.46,0,388,532,Farming,0
22,85277,60,1,99.9,3,59,176,Tailoring,0
29,128382,48,5,99.16,2,186,243,Retail Shop,0
63,135611,60,7,71.38,10,264,213,Tailoring,0
35,185097,60,8,79.17,5,161,643,Artisan,0
30,54355,60,7,94.67,3,273,216,Farming,0
25,120063,48,8,97.29,2,78,293,Food Stall,0
48,129939,36,8,91.29,0,176,435,Artisan,0
54,96212,12,4,94.67,0,111,351,Handicrafts,0
49,124009,36,4,93.25,4,56,494,Artisan,1
28,135237,36,8,87.24,7,152,365,Farming,0
34,72252,12,3,80.08,8,254,270,Tailoring,0
42,74901,24,7,96.19,3,189,230,Farming,0
27,69384,36,5,96.77,3,156,282,Artisan,0
25,134495,36,3,97.62,1,173,179,Food Stall,0
54,96752,24,2,94.44,2,149,224,Artisan,0
29,81396,48,8,90.44,2,397,272,Artisan,1
60,133273,48,3,99.9,0,118,280,Tailoring,0
28,194399,48,4,84.1,9,100,207,Artisan,0
52,155255,60,5,64.36,8,369,530,Food Stall,0
22,148177,36,1,76.42,4,380,310,Artisan,0
55,78667,60,5,97.49,2,349,361,Artisan,0
34,53845,60,4,97.75,2,304,335,Retail Shop,0
64,48386,48,8,72.14,10,262,574,Tailoring,0
30,62361,36,8,97.48,1,326,200,Handicrafts,0
37,94833,12,4,88.03,5,58,324,Handicrafts,0
53,92551,12,1,99.21,0,76,665,Food Stall,0
41,170896,24,8,93.54,3,279,182,Artisan,0
45,165239,12,6,68.66,7,372,570,Farming,0
59,171845,48,8,90.71,0,179,212,Artisan,0
43,149671,12,3,96.94,2,180,391,Food Stall,0
36,126369,48,5,98.74,1,261,237,Artisan,0
63,188697,48,4,96.28,1,80,221,Tailoring,0
48,129392,36,6,92.53,1,296,536,Artisan,0
36,157123,12,6,96.65,3,100,346,Farming,0
26,175810,24,7,62.28,6,210,540,Food Stall,0
52,156431,48,8,94.86,0,380,725,Retail Shop,0
22,106032,36,3,79.71,7,112,196,Food Stall,0
37,39605,12,4,64.93,5,189,155,Handicrafts,0
46,35058,12,4,84.54,3,243,576,Tailoring,0
63,178685,60,5,98.29,2,387,202,Farming,0
59,138088,36,1,92.93,2,192,449,Food Stall,0
39,71303,60,8,93.69,2,331,259,Retail Shop,0
40,110470,48,7,93.64,3,391,182,Farming,0
26,51494,48,2,90.8,3,95,221,Artisan,1
59,38698,12,5,92.65,2,259,473,Food Stall,0
60,67502,36,2,93.35,3,329,385,Food Stall,0
32,56414,60,5,98.44,3,315,229,Artisan,0
27,83392,60,2,99.18,3,325,517,Handicrafts,0
22,106924,48,5,80.47,7,95,571,Food Stall,0
48,47625,36,8,76.48,10,211,723,Artisan,0
50,71020,36,1,96.96,1,213,781,Artisan,0
33,76853,24,7,98.95,0,374,653,Handicrafts,0
43,198549,24,2,92.26,0,89,453,Retail Shop,0
33,129886,36,2,96.78,3,168,606,Retail Shop,0
58,139870,48,5,69.77,6,51,216,Artisan,0
62,168936,60,2,88.96,4,120,436,Food Stall,0
56,45128,24,4,95.97,2,247,447,Retail Shop,0
32,175179,12,8,94.8,3,191,400,Food Stall,0
46,128964,24,2,99.34,2,396,666,Handicrafts,0
33,161484,36,6,76.03,4,62,211,Tailoring,0
63,196021,36,6,91.02,1,239,285,Farming,0
61,50907,48,3,90.04,0,354,552,Tailoring,1
23,46924,48,2,91.31,5,124,439,Retail Shop,0
48,172822,60,6,82.05,4,301,482,Retail Shop,0
23,100403,24,2,98.69,1,362,452,Tailoring,0
31,186627,36,6,85.04,4,188,620,Retail Shop,0
44,124462,60,1,81.92,6,113,392,Retail Shop,1
45,107718,60,8,93.12,0,131,198,Handicrafts,0
52,154047,12,6,98.38,0,162,596,Tailoring,0
48,69528,12,3,91.67,3,327,415,Farming,0
32,180914,12,3,94.25,2,233,324,Retail Shop,0
40,67325,24,3,94.01,0,238,178,Tailoring,0
53,75018,48,8,80.69,3,133,160,Retail Shop,0
52,29436,24,1,64.41,2,275,551,Food Stall,0
48,143683,48,8,98.79,0,319,296,Food Stall,0
22,98123,48,2,92.18,2,173,796,Tailoring,0
22,58847,12,8,95.46,1,295,720,Tailoring,0
32,199274,12,5,95.06,2,123,778,Food Stall,0
44,81542,60,5,97.73,2,53,525,Tailoring,0
60,31392,12,3,99.57,1,146,271,Tailoring,0
63,196036,60,2,90.71,2,336,721,Artisan,0
22,128845,60,7,90.68,1,274,754,Handicrafts,0
37,96945,24,7,95.04,0,220,730,Handicrafts,0
39,165500,60,7,92.24,2,109,241,Handicrafts,0
44,145003,60,5,99.78,0,235,410,Retail Shop,0
53,166900,60,2,97.98,1,188,637,Retail Shop,0
50,53297,36,3,92.9,3,82,684,Artisan,0
34,31222,36,1,98.4,0,58,664,Tailoring,0
48,49461,12,1,78.61,4,251,768,Handicrafts,0
36,46145,60,3,79.24,6,198,619,Handicrafts,1
32,159354,12,5,95.42,3,51,791,Handicrafts,0
36,54450,12,4,90.26,0,155,487,Tailoring,0
65,30423,60,1,98.67,1,113,750,Retail Shop,0
27,180331,36,3,99.79,1,166,210,Food Stall,0
42,128415,36,5,87.9,4,335,293,Food Stall,0
61,184905,36,2,90.38,7,117,789,Handicrafts,0
28,56126,48,8,99.6,2,389,537,Tailoring,0
42,62368,12,4,91.98,2,319,669,Farming,0
63,152036,12,8,93.55,0,325,755,Tailoring,0
35,129719,48,1,93.09,2,328,663,Handicrafts,0
38,43398,48,7,95.74,3,211,762,Handicrafts,0
60,79359,48,4,99.04,2,142,329,Retail Shop,0
28,99933,48,1,99.13,0,383,495,Farming,0
53,49444,36,1,74.35,7,303,530,Farming,0
51,132609,24,7,92.16,0,344,609,Food Stall,0
52,88647,12,6,96.29,3,92,294,Handicrafts,0
23,108668,60,6,99.87,2,364,467,Retail Shop,0
24,100796,48,6,91.48,3,343,478,Tailoring,0
25,196375,36,5,74.78,10,109,467,Tailoring,0
44,49660,36,1,98.98,3,54,238,Handicrafts,0
56,167067,12,1,96.94,3,227,481,Farming,0
23,67971,12,7,95.73,0,136,476,Retail Shop,0
50,80653,12,8,94.94,2,64,383,Farming,0
28,34079,12,6,83.23,8,123,765,Farming,0
57,152106,60,2,69.59,9,281,658,Retail Shop,0
23,66367,48,7,82.09,7,136,466,Tailoring,0
52,80631,24,1,99.8,0,64,525,Tailoring,0
62,103940,48,3,90.58,3,224,722,Retail Shop,0
49,87678,24,5,96.47,0,116,402,Handicrafts,0
30,31465,24,7,90.03,1,271,679,Artisan,0
37,161642,48,1,83.54,9,226,430,Food Stall,0
60,178294,24,6,99.14,2,392,360,Retail Shop,0
60,113726,48,7,93.82,3,326,787,Handicrafts,0
24,80698,48,1,91.19,3,222,196,Food Stall,0
49,44471,36,5,91.04,3,151,303,Handicrafts,0
49,112219,36,8,94.09,2,64,200,Retail Shop,0
23,164769,12,3,99.62,2,387,666,Tailoring,0
26,103052,60,1,99.12,1,278,624,Handicrafts,0
54,138538,36,5,91.96,0,281,673,Artisan,0
59,129588,12,3,95.58,3,120,797,Farming,0
47,166742,60,4,93.63,0,119,202,Farming,0
36,50228,60,8,92.49,0,133,215,Handicrafts,0
34,79189,36,6,94.46,0,241,621,Food Stall,0
41,55546,60,5,92.16,2,280,168,Retail Shop,0
60,138383,60,3,92.33,3,107,463,Food Stall,0
34,41337,60,6,98.8,2,218,619,Tailoring,0
54,32737,36,3,97.81,2,67,530,Farming,0
52,117353,24,2,98.86,2,268,301,Handicrafts,0
27,193990,48,6,98.12,3,311,303,Farming,0
31,26052,12,8,98.62,2,157,378,Food Stall,0
35,96238,24,1,92.94,2,271,312,Tailoring,0
25,39211,12,8,93.98,3,309,267,Handicrafts,0
49,46436,12,5,92.22,2,144,773,Retail Shop,0
39,60174,12,2,90.82,3,147,617,Handicrafts,0
56,65975,24,7,92.64,2,350,263,Artisan,0
52,146257,12,4,97.87,2,387,745,Artisan,0
65,122791,60,2,95.71,3,216,621,Food Stall,0
63,146820,36,1,92.36,1,171,249,Artisan,0
41,74007,12,8,61.96,8,146,668,Artisan,0
26,26738,12,4,99.67,3,377,484,Retail Shop,0
33,57531,36,5,75.66,10,176,376,Farming,1
59,95752,36,1,92.66,1,329,241,Retail Shop,0
43,170940,36,1,93.17,3,348,587,Artisan,0
53,171791,48,1,91.16,2,364,688,Food Stall,0
43,75168,12,4,91.02,0,362,736,Artisan,0
33,135503,36,4,85.97,7,104,428,Handicrafts,0
37,189505,12,8,63.88,9,235,542,Artisan,0
58,120480,36,7,63.48,3,247,495,Tailoring,1
64,77659,24,1,92.6,0,94,440,Retail Shop,1
55,83653,48,4,92.76,0,135,608,Handicrafts,0
40,34200,12,7,97.13,3,344,183,Tailoring,0
42,69378,48,6,90.46,0,361,512,Tailoring,0
65,198924,36,8,95.47,2,234,238,Farming,0
58,166911,12,7,90.62,3,238,526,Tailoring,0
34,154674,24,5,90.87,0,161,534,Handicrafts,0
62,142048,12,4,97.53,0,385,655,Handicrafts,0
46,93987,36,3,91.62,3,153,261,Handicrafts,0
35,114634,36,8,94.52,0,330,348,Artisan,0
48,58515,36,4,90.12,1,271,589,Food Stall,0
24,123986,48,7,97.14,3,69,666,Artisan,0
30,102989,48,7,93.98,5,253,771,Artisan,1
27,170484,24,7,96.83,1,130,783,Handicrafts,1
60,114047,60,2,90.69,3,117,204,Tailoring,0
36,91392,60,7,94.47,3,79,646,Retail Shop,0
45,186341,12,5,93.63,3,313,353,Handicrafts,0
22,46735,24,4,99.77,2,135,200,Handicrafts,0
41,31582,60,1,94.64,6,226,257,Food Stall,0
39,81108,24,6,61.75,10,309,616,Artisan,0
23,195852,24,8,96.97,1,64,654,Food Stall,0
23,97488,48,2,64.49,4,116,572,Tailoring,0
24,117182,60,8,94.69,2,297,647,Retail Shop,0
63,30439,36,3,61.1,4,57,418,Tailoring,0
41,162626,60,1,90.65,10,85,275,Food Stall,0
32,191267,24,4,69.97,6,300,730,Food Stall,1
37,145899,12,5,99.73,1,368,769,Retail Shop,0
50,82429,36,7,84.2,6,79,581,Food Stall,0
40,27263,60,3,92.19,0,119,596,Retail Shop,0
34,184027,12,5,94.7,0,381,538,Food Stall,0
23,81765,48,2,91.33,3,210,664,Retail Shop,0
50,48999,36,6,97.09,2,381,715,Artisan,0
60,199345,24,3,95.17,3,103,225,Artisan,0
54,45530,48,2,97.04,2,222,743,Artisan,1
34,104121,12,2,91.13,1,334,619,Food Stall,0
25,46729,36,5,93.78,1,162,328,Food Stall,0
46,197116,60,8,92.11,2,322,535,Farming,0
64,153517,24,8,95.91,3,72,746,Food Stall,0
27,167721,48,1,95.02,0,206,616,Retail Shop,0
60,188894,60,6,93.29,3,179,507,Tailoring,0
55,125804,60,8,95.06,3,330,773,Tailoring,0
33,29285,24,7,98.01,0,338,729,Food Stall,0
58,61716,12,8,96.89,3,293,349,Tailoring,0
57,38694,60,2,90.85,0,123,748,Tailoring,0
29,139325,24,3,94.7,1,102,168,Tailoring,0
48,194736,36,2,97.31,2,325,325,Artisan,0
45,25224,12,6,92.64,3,342,583,Farming,0
62,176229,48,1,99.27,3,328,248,Artisan,0
38,81107,60,4,98.51,3,399,220,Tailoring,0
64,168448,48,1,76.27,9,115,719,Retail Shop,0
31,112975,24,3,91.12,3,288,739,Retail Shop,0
52,86575,60,6,94.45,3,325,379,Retail Shop,0
56,146183,36,6,64.01,5,306,195,Food Stall,0
41,85241,36,1,95.54,0,178,602,Artisan,0
57,42540,36,4,92.95,3,225,173,Retail Shop,0
22,186583,60,8,94.67,3,149,664,Tailoring,0
37,130320,24,6,91.47,3,285,577,Artisan,0
50,41108,24,3,62.37,2,156,530,Retail Shop,0
64,157262,48,8,95.02,2,371,664,Artisan,0
24,53710,24,5,90.56,0,295,414,Farming,0
32,160323,60,1,68.02,10,168,679,Food Stall,0
30,83778,36,6,90.64,1,311,411,Farming,0
46,150901,24,2,98.62,0,180,339,Tailoring,0
43,41118,60,7,98.91,0,315,286,Food Stall,0
25,151718,12,6,90.29,0,279,784,Food Stall,0
34,100010,12,6,98.68,1,363,372,Farming,0
46,123495,24,3,92.62,0,359,532,Food Stall,0
65,184856,24,5,86.69,9,277,759,Farming,0
47,55278,48,5,91.47,0,393,185,Food Stall,0
35,46624,48,8,66.2,9,271,217,Handicrafts,0
53,159999,48,5,97.9,1,71,526,Handicrafts,0
56,92636,24,3,98.8,2,94,652,Tailoring,1
27,193643,12,3,93.89,1,215,621,Handicrafts,0
47,53123,36,5,96.06,3,55,592,Artisan,0
41,69802,12,4,92.11,3,244,621,Handicrafts,0
31,85343,48,6,92.65,3,301,773,Farming,0
48,52502,36,7,87.98,8,351,499,Retail Shop,0
35,125897,12,6,92.07,0,233,358,Food Stall,0
27,68890,36,3,92.07,6,328,571,Farming,0
60,107373,36,2,96.96,2,382,554,Retail Shop,0
47,137928,60,1,66.59,3,74,578,Tailoring,0
34,167449,60,6,71.36,6,153,418,Farming,0
65,180852,48,3,64.19,8,335,363,Handicrafts,0
32,31279,60,2,67.14,3,289,176,Farming,0
52,87561,36,8,73.3,2,166,515,Handicrafts,0
30,100480,60,7,73.36,8,352,600,Artisan,0
33,111822,12,6,97.48,1,254,685,Handicrafts,0
34,176682,12,2,92.41,5,297,470,Retail Shop,0
25,110360,24,2,92.37,7,237,393,Food Stall,0
60,103117,48,3,99.73,3,74,293,Food Stall,0
34,43865,24,8,83.66,2,186,689,Tailoring,0
40,78879,24,8,71.67,10,351,736,Food Stall,0
59,113084,48,1,69.16,6,194,408,Retail Shop,1
43,183904,48,3,92.51,0,248,469,Retail Shop,0
39,141895,48,8,99.78,1,260,424,Retail Shop,0
36,60436,36,5,90.12,3,209,774,Retail Shop,0
53,92750,36,8,99.37,1,342,308,Retail Shop,0
62,59467,24,3,97.2,3,98,485,Food Stall,0
50,85516,60,3,91.98,8,327,714,Farming,0
63,184947,12,1,94.42,10,151,446,Retail Shop,0
54,51454,12,7,93.18,0,340,278,Retail Shop,0
53,80211,60,1,77.11,6,227,609,Retail Shop,0
30,145627,24,3,93.05,1,254,270,Farming,0
38,66505,12,1,74.41,2,208,511,Retail Shop,0
44,113920,36,3,90.65,5,310,368,Tailoring,0
42,141644,60,7,67.52,6,131,592,Artisan,1
41,139951,12,8,92.42,3,104,647,Retail Shop,0
64,193713,12,6,92.6,2,335,287,Tailoring,0
65,30828,24,6,95.76,2,338,526,Artisan,0
34,41953,12,3,94.64,3,53,537,Handicrafts,0
31,101962,36,2,99.13,2,132,272,Food Stall,0
31,185252,48,8,84.4,2,302,261,Food Stall,0
55,160673,24,3,96.99,3,53,177,Handicrafts,0
52,167998,24,6,94.1,3,398,758,Farming,0
41,46534,12,6,95.83,0,271,559,Food Stall,0
56,49709,24,6,74.26,10,222,489,Food Stall,0
56,38233,36,1,80.33,4,379,623,Artisan,0
51,105375,60,1,73.33,6,148,751,Tailoring,0
56,73022,12,3,93.06,0,227,312,Farming,0
34,67637,48,5,94.97,3,261,339,Artisan,0
28,85859,48,4,76.15,6,136,240,Farming,0
53,186506,24,3,82.39,6,175,338,Handicrafts,0
61,90738,24,7,86.32,7,198,355,Food Stall,0
55,183154,48,1,97.27,1,122,682,Food Stall,0
27,181231,60,4,99.74,2,395,349,Tailoring,0
57,63334,24,4,64.5,6,305,347,Artisan,0
42,98329,60,2,92.72,3,235,158,Tailoring,0
48,88347,12,1,68.87,3,326,515,Handicrafts,0
26,185481,12,2,98.86,1,335,631,Artisan,0
61,197526,48,2,99.4,0,100,384,Food Stall,0
36,54652,60,8,78.08,5,277,602,Retail Shop,0
43,70129,36,7,99.11,0,69,390,Artisan,0
34,44928,24,1,97.81,1,235,242,Artisan,0
42,180515,60,5,94.24,2,173,768,Retail Shop,0
36,145252,24,1,93.33,1,343,761,Handicrafts,0
23,53813,36,4,98.39,3,80,770,Retail Shop,0
56,179144,36,6,89.11,4,388,705,Handicrafts,0
23,53357,60,2,92.41,6,324,641,Tailoring,0
59,139751,12,3,97.46,1,93,234,Tailoring,0
29,25851,36,6,77.15,9,277,250,Handicrafts,0
35,27998,36,5,86.94,10,105,266,Farming,1
27,128073,36,6,99.13,1,330,362,Artisan,1
40,185441,60,2,96.61,0,154,261,Tailoring,0
63,120376,36,1,97.33,0,282,445,Farming,0
29,78367,60,5,91.35,5,396,787,Artisan,0
30,37977,48,5,92.92,0,273,761,Retail Shop,0
62,94526,36,4,72.87,7,326,465,Tailoring,0
41,118362,24,5,95.93,2,276,544,Artisan,0
29,57543,60,6,98.06,0,133,484,Retail Shop,0
26,41139,24,4,90.57,2,141,386,Farming,0
53,125379,36,5,61.94,3,379,358,Food Stall,0
27,122104,24,6,99.97,1,382,582,Handicrafts,0
27,105681,60,4,91.87,3,222,503,Food Stall,0
42,27264,48,4,66.88,7,62,620,Retail Shop,0
